employee_id,name,department,position,age,salary,years_experience,performance_score,bonus,hire_date
1,Employee_1,HR,VP,26,55673.75,14,2.45,3518.85,2015-01-01
2,Employee_2,Finance,Director,62,78002.72,11,1.39,7056.15,2015-01-02
3,Employee_3,Marketing,Manager,47,40902.43,39,1.47,5215.51,2015-01-03
4,Employee_4,Finance,Junior,49,29460.18,19,2.02,1246.47,2015-01-04
5,Employee_5,Finance,Manager,23,,29,2.18,9614.15,2015-01-05
6,Employee_6,Sales,Manager,27,97011.95,37,3.12,6359.11,2015-01-06
7,Employee_7,Marketing,VP,30,80058.74,2,3.71,7658.68,2015-01-07
8,Employee_8,Marketing,Director,54,73731.08,27,3.37,792.13,2015-01-08
9,Employee_9,Marketing,Senior,62,71249.32,25,1.59,470.58,2015-01-09
10,Employee_10,Finance,Director,46,56148.69,29,1.69,194.48,2015-01-10
11,Employee_11,HR,Director,34,70562.78,12,4.52,1887.94,2015-01-11
12,Employee_12,Marketing,Manager,30,83433.69,12,3.23,4144.08,2015-01-12
13,Employee_13,Operations,Director,34,66295.56,1,4.48,9358.26,2015-01-13
14,Employee_14,Finance,Junior,52,90011.74,36,2.49,4570.6,2015-01-14
15,Employee_15,Sales,Manager,62,78919.5,37,3.46,2902.55,2015-01-15
16,Employee_16,HR,Junior,32,81339.59,1,3.09,5619.35,2015-01-16
17,Employee_17,Operations,Senior,25,92773.26,35,2.28,1119.35,2015-01-17
18,Employee_18,Operations,Manager,55,64464.89,25,2.88,6095.06,2015-01-18
19,Employee_19,Sales,Senior,59,88187.61,10,3.01,5684.32,2015-01-19
20,Employee_20,HR,Manager,25,67270.47,7,1.8,7919.93,2015-01-20
21,Employee_21,Finance,VP,59,81790.29,39,2.26,9866.88,2015-01-21
22,Employee_22,Engineering,Director,40,62084.57,21,4.17,2508.73,2015-01-22
23,Employee_23,HR,VP,27,56785.92,19,4.66,5096.56,2015-01-23
24,Employee_24,Sales,Senior,55,76837.29,7,2.44,9088.65,2015-01-24
25,Employee_25,Operations,Director,39,37296.0,28,2.23,7851.9,2015-01-25
26,Employee_26,Finance,Manager,34,69074.65,39,1.78,4874.06,2015-01-26
27,Employee_27,HR,Director,62,42872.46,25,3.71,9453.72,2015-01-27
28,Employee_28,Engineering,Junior,44,90584.68,29,2.29,572.37,2015-01-28
29,Employee_29,Engineering,Director,40,96002.21,16,4.95,9309.99,2015-01-29
30,Employee_30,Marketing,Junior,32,57720.98,19,2.3,505.07,2015-01-30
31,Employee_31,Marketing,Director,22,83566.26,15,2.58,5473.05,2015-01-31
32,Employee_32,Sales,Junior,45,92982.71,6,3.41,8904.41,2015-02-01
33,Employee_33,HR,Senior,28,93049.38,15,4.21,2627.21,2015-02-02
34,Employee_34,HR,VP,46,79289.02,26,,4722.48,2015-02-03
35,Employee_35,Operations,Manager,42,89686.09,22,2.69,3243.29,2015-02-04
36,Employee_36,Operations,Director,36,62013.37,23,4.98,9521.44,2015-02-05
37,Employee_37,Operations,VP,22,76662.45,8,1.04,8236.46,2015-02-06
38,Employee_38,Marketing,Manager,33,65657.93,34,4.58,7090.02,2015-02-07
39,Employee_39,HR,Manager,28,60324.24,19,1.6,5876.27,2015-02-08
40,Employee_40,HR,Junior,36,75721.27,36,,8205.92,2015-02-09
41,Employee_41,Engineering,Senior,42,81950.61,16,3.47,3922.67,2015-02-10
42,Employee_42,Marketing,Senior,40,98270.18,30,2.37,4475.52,2015-02-11
43,Employee_43,Finance,VP,50,80303.11,7,4.5,7300.02,2015-02-12
44,Employee_44,Marketing,Senior,46,87838.61,14,1.05,3577.55,2015-02-13
45,Employee_45,Finance,Director,54,88065.66,30,1.91,639.01,2015-02-14
46,Employee_46,Engineering,Senior,53,128750.69,29,3.27,743.35,2015-02-15
47,Employee_47,Sales,VP,56,38799.35,19,2.41,1153.63,2015-02-16
48,Employee_48,HR,Senior,59,61241.32,38,3.44,8696.81,2015-02-17
49,Employee_49,Engineering,Director,47,104481.12,11,1.1,4722.26,2015-02-18
50,Employee_50,HR,Junior,32,67959.74,16,1.47,7128.82,2015-02-19
51,Employee_51,Operations,VP,56,92716.06,29,1.51,3929.09,2015-02-20
52,Employee_52,Sales,Junior,29,79600.19,28,1.76,2587.11,2015-02-21
53,Employee_53,Sales,Junior,35,117104.05,18,2.84,3471.92,2015-02-22
54,Employee_54,Engineering,Junior,31,52738.91,10,4.01,7941.82,2015-02-23
55,Employee_55,Sales,Manager,23,,33,4.62,6252.16,2015-02-24
56,Employee_56,Finance,Manager,30,109991.63,6,4.34,9376.4,2015-02-25
57,Employee_57,Sales,Junior,24,54711.62,33,1.79,6797.05,2015-02-26
58,Employee_58,HR,VP,42,90657.4,19,2.76,5701.82,2015-02-27
59,Employee_59,HR,Director,47,55690.04,37,1.8,6101.96,2015-02-28
60,Employee_60,HR,Director,29,75603.23,23,2.06,9423.71,2015-03-01
61,Employee_61,HR,Senior,23,69868.24,9,3.01,7882.01,2015-03-02
62,Employee_62,Finance,VP,27,26944.92,31,1.27,240.41,2015-03-03
63,Employee_63,Marketing,Manager,49,83484.69,14,1.87,5341.4,2015-03-04
64,Employee_64,Operations,Junior,50,77866.78,36,4.74,6883.38,2015-03-05
65,Employee_65,Engineering,Senior,47,104581.58,19,2.86,7486.98,2015-03-06
66,Employee_66,HR,Director,46,87222.87,2,,2131.42,2015-03-07
67,Employee_67,Sales,Manager,33,120817.68,36,1.06,8671.77,2015-03-08
68,Employee_68,HR,Manager,26,77140.85,39,1.99,9558.43,2015-03-09
69,Employee_69,Sales,Junior,55,72889.4,7,4.47,2367.15,2015-03-10
70,Employee_70,Operations,Director,58,71312.87,39,1.66,8826.15,2015-03-11
71,Employee_71,Operations,VP,36,66208.23,22,2.66,969.79,2015-03-12
72,Employee_72,Operations,Manager,57,30844.98,39,1.06,557.07,2015-03-13
73,Employee_73,Sales,Junior,36,70596.11,10,2.91,1292.24,2015-03-14
74,Employee_74,HR,VP,64,33642.91,7,1.08,577.41,2015-03-15
75,Employee_75,Operations,Director,44,84040.67,28,,8450.12,2015-03-16
76,Employee_76,Finance,Manager,27,50198.79,29,4.3,590.5,2015-03-17
77,Employee_77,Sales,VP,64,57113.35,9,4.15,2716.64,2015-03-18
78,Employee_78,Sales,VP,42,61611.8,38,2.13,1037.56,2015-03-19
79,Employee_79,HR,VP,44,70901.3,27,4.35,2954.22,2015-03-20
80,Employee_80,Sales,Manager,64,75137.37,35,3.17,905.59,2015-03-21
81,Employee_81,Sales,Manager,37,96689.59,12,2.5,6680.03,2015-03-22
82,Employee_82,Operations,Senior,36,63449.4,31,3.5,1333.27,2015-03-23
83,Employee_83,HR,Director,46,84602.92,35,1.05,8518.46,2015-03-24
84,Employee_84,Operations,Junior,57,129617.34,36,1.57,8171.91,2015-03-25
85,Employee_85,Operations,VP,32,82547.01,25,3.97,136.62,2015-03-26
86,Employee_86,HR,Senior,36,71390.2,21,1.98,8957.26,2015-03-27
87,Employee_87,Engineering,Junior,25,59416.97,3,3.39,289.44,2015-03-28
88,Employee_88,Operations,Senior,42,71113.37,30,2.54,2396.46,2015-03-29
89,Employee_89,Finance,Manager,34,57275.59,17,4.42,323.89,2015-03-30
90,Employee_90,Finance,VP,43,80373.23,37,4.81,3358.43,2015-03-31
91,Employee_91,Sales,Junior,40,77070.88,23,4.53,5138.67,2015-04-01
92,Employee_92,Finance,Junior,55,31755.62,22,2.08,7966.45,2015-04-02
93,Employee_93,Sales,Junior,35,74628.84,21,1.78,3379.82,2015-04-03
94,Employee_94,Engineering,Junior,25,96522.93,1,2.9,7054.9,2015-04-04
95,Employee_95,HR,Junior,48,67017.76,30,1.03,1875.04,2015-04-05
96,Employee_96,HR,Senior,50,61942.06,10,1.1,7505.98,2015-04-06
97,Employee_97,HR,VP,49,,27,3.21,2359.97,2015-04-07
98,Employee_98,Finance,Manager,56,37840.16,31,,1435.45,2015-04-08
99,Employee_99,Engineering,Manager,29,91626.99,4,4.98,1854.09,2015-04-09
100,Employee_100,Finance,Manager,37,71370.43,37,1.81,1820.63,2015-04-10
101,Employee_101,Finance,Manager,63,90440.43,9,2.03,5128.63,2015-04-11
102,Employee_102,Engineering,Senior,57,105626.47,39,1.45,8447.98,2015-04-12
103,Employee_103,Engineering,Director,51,93424.95,23,4.67,796.05,2015-04-13
104,Employee_104,Engineering,VP,39,64152.55,34,4.11,7069.56,2015-04-14
105,Employee_105,Engineering,Junior,23,77897.35,22,4.29,6543.46,2015-04-15
106,Employee_106,HR,Director,34,62704.54,16,4.61,8725.2,2015-04-16
107,Employee_107,Marketing,Manager,25,60834.23,0,3.1,2441.48,2015-04-17
108,Employee_108,Marketing,Director,47,81856.3,30,2.8,4501.1,2015-04-18
109,Employee_109,Engineering,VP,46,58354.12,30,2.32,9258.27,2015-04-19
110,Employee_110,Marketing,Junior,51,30816.97,33,3.36,6599.93,2015-04-20
111,Employee_111,Marketing,Junior,32,57237.04,8,2.82,3887.68,2015-04-21
112,Employee_112,Engineering,VP,28,68862.38,21,2.81,1314.12,2015-04-22
113,Employee_113,Marketing,VP,52,105427.97,12,4.75,2624.85,2015-04-23
114,Employee_114,Finance,Manager,31,65181.25,24,4.94,5812.15,2015-04-24
115,Employee_115,Sales,Junior,60,85238.48,17,4.19,7181.68,2015-04-25
116,Employee_116,Sales,Director,34,71633.84,11,4.03,1244.22,2015-04-26
117,Employee_117,Engineering,Senior,52,99528.1,39,3.72,5995.97,2015-04-27
118,Employee_118,HR,Senior,28,98141.93,16,1.66,5503.51,2015-04-28
119,Employee_119,Engineering,VP,63,98523.5,14,1.24,5139.55,2015-04-29
120,Employee_120,HR,Manager,63,,14,3.76,6901.23,2015-04-30
121,Employee_121,Sales,Senior,57,79134.48,14,3.92,8374.5,2015-05-01
122,Employee_122,Engineering,Junior,41,90178.77,38,1.19,3229.9,2015-05-02
123,Employee_123,Operations,VP,25,82630.77,12,4.71,8890.12,2015-05-03
124,Employee_124,Finance,Director,28,87731.93,16,1.36,1606.34,2015-05-04
125,Employee_125,Marketing,VP,22,76167.02,31,2.14,1730.24,2015-05-05
126,Employee_126,HR,Director,63,60104.32,8,3.69,2667.72,2015-05-06
127,Employee_127,Operations,VP,34,41058.05,39,1.68,1195.31,2015-05-07
128,Employee_128,Marketing,VP,43,62088.61,19,1.22,2303.19,2015-05-08
129,Employee_129,Marketing,VP,42,128562.2,25,2.32,1064.12,2015-05-09
130,Employee_130,Engineering,Director,43,65286.98,26,4.06,8217.52,2015-05-10
131,Employee_131,Marketing,Director,49,35812.2,20,2.65,1389.69,2015-05-11
132,Employee_132,Finance,VP,30,89652.99,17,3.61,7472.98,2015-05-12
133,Employee_133,Operations,Senior,47,92109.2,12,3.32,479.14,2015-05-13
134,Employee_134,Marketing,Manager,30,100746.49,15,1.09,9485.2,2015-05-14
135,Employee_135,Engineering,Manager,36,,8,4.95,7111.6,2015-05-15
136,Employee_136,Finance,Manager,31,91912.03,11,1.17,67.97,2015-05-16
137,Employee_137,Sales,Director,45,111804.34,37,4.87,7638.57,2015-05-17
138,Employee_138,Operations,Director,63,60090.53,18,3.2,5140.82,2015-05-18
139,Employee_139,Marketing,Senior,29,56122.99,6,4.85,7793.65,2015-05-19
140,Employee_140,Engineering,Manager,45,53108.27,34,1.46,5224.97,2015-05-20
141,Employee_141,Sales,Manager,37,69684.61,17,2.96,6410.25,2015-05-21
142,Employee_142,Sales,VP,47,,15,1.68,7863.32,2015-05-22
143,Employee_143,HR,Director,48,,38,1.2,4051.08,2015-05-23
144,Employee_144,Finance,Manager,58,84773.84,3,3.47,27.08,2015-05-24
145,Employee_145,Marketing,Senior,25,38613.84,24,1.83,8499.46,2015-05-25
146,Employee_146,Engineering,Senior,45,61136.26,31,3.35,3808.9,2015-05-26
147,Employee_147,HR,Manager,40,38286.85,39,1.45,4960.43,2015-05-27
148,Employee_148,Finance,Director,57,98424.92,12,2.33,77.67,2015-05-28
149,Employee_149,HR,Senior,60,106712.93,16,4.13,4920.92,2015-05-29
150,Employee_150,Operations,VP,31,90591.33,36,2.75,9864.87,2015-05-30
151,Employee_151,Finance,Senior,46,55264.28,5,3.51,2782.68,2015-05-31
152,Employee_152,Finance,Junior,39,104640.45,18,3.59,3954.18,2015-06-01
153,Employee_153,Marketing,Junior,40,69934.9,12,4.38,6871.9,2015-06-02
154,Employee_154,Finance,Director,57,50710.81,25,2.3,8147.94,2015-06-03
155,Employee_155,HR,Manager,31,55711.91,13,3.75,4173.92,2015-06-04
156,Employee_156,Finance,Director,54,66396.87,30,4.85,3096.69,2015-06-05
157,Employee_157,Marketing,Director,26,75991.57,3,3.92,9378.26,2015-06-06
158,Employee_158,Marketing,Director,56,71773.12,38,2.96,6771.45,2015-06-07
159,Employee_159,Operations,Director,55,46746.63,7,3.52,1190.21,2015-06-08
160,Employee_160,HR,VP,54,99266.33,24,3.96,689.28,2015-06-09
161,Employee_161,Sales,VP,42,71987.88,12,3.45,4835.5,2015-06-10
162,Employee_162,Sales,Senior,38,60724.92,31,1.07,2200.9,2015-06-11
163,Employee_163,Finance,Junior,43,97206.05,37,1.78,2539.85,2015-06-12
164,Employee_164,Operations,Director,58,51331.88,37,4.24,8776.92,2015-06-13
165,Employee_165,Engineering,Senior,36,42422.2,27,2.09,895.66,2015-06-14
166,Employee_166,Finance,Junior,56,100449.75,29,3.93,7153.64,2015-06-15
167,Employee_167,Operations,Manager,49,112827.76,2,2.49,2711.42,2015-06-16
168,Employee_168,HR,VP,28,65758.08,27,3.09,7603.28,2015-06-17
169,Employee_169,HR,Junior,53,74080.6,2,1.27,7224.11,2015-06-18
170,Employee_170,HR,Manager,32,52066.71,33,1.72,73.92,2015-06-19
171,Employee_171,HR,Junior,31,75109.85,15,4.83,5091.35,2015-06-20
172,Employee_172,HR,VP,30,65485.89,21,4.56,1393.19,2015-06-21
173,Employee_173,Operations,VP,35,,31,3.61,8662.27,2015-06-22
174,Employee_174,Operations,Senior,34,83185.17,37,2.84,8715.86,2015-06-23
175,Employee_175,Marketing,Director,46,53037.09,7,3.7,4183.46,2015-06-24
176,Employee_176,Sales,Junior,23,67763.77,7,3.47,4443.96,2015-06-25
177,Employee_177,HR,Junior,56,38924.37,5,3.27,3032.83,2015-06-26
178,Employee_178,Engineering,Manager,28,67900.25,13,1.24,7166.06,2015-06-27
179,Employee_179,Operations,VP,42,,31,3.53,3586.61,2015-06-28
180,Employee_180,Engineering,Junior,39,79579.65,34,4.08,2677.92,2015-06-29
181,Employee_181,Engineering,VP,24,79791.53,9,4.98,4322.31,2015-06-30
182,Employee_182,Engineering,Junior,63,93078.46,2,1.04,914.88,2015-07-01
183,Employee_183,Marketing,Senior,60,44206.67,11,3.92,7466.03,2015-07-02
184,Employee_184,Operations,Director,62,45274.46,30,3.29,125.96,2015-07-03
185,Employee_185,Engineering,Junior,32,85579.16,28,2.74,6444.85,2015-07-04
186,Employee_186,HR,VP,60,34220.77,4,1.51,1828.65,2015-07-05
187,Employee_187,Finance,Senior,45,78666.0,24,2.64,2324.04,2015-07-06
188,Employee_188,Engineering,Junior,40,51394.14,30,2.42,6356.32,2015-07-07
189,Employee_189,Marketing,Manager,25,,20,2.21,9929.43,2015-07-08
190,Employee_190,Operations,Director,47,80009.05,19,,7777.17,2015-07-09
191,Employee_191,Marketing,Junior,59,70616.88,38,3.8,2258.4,2015-07-10
192,Employee_192,Engineering,Senior,63,99554.42,21,3.36,1760.25,2015-07-11
193,Employee_193,Operations,Manager,53,53731.96,3,4.75,8662.33,2015-07-12
194,Employee_194,Finance,Senior,60,57531.81,12,2.4,4441.84,2015-07-13
195,Employee_195,Engineering,Senior,57,49770.9,19,1.98,1370.53,2015-07-14
196,Employee_196,Marketing,Manager,61,57699.22,12,3.62,8622.11,2015-07-15
197,Employee_197,Sales,Senior,58,76222.31,16,1.8,8160.92,2015-07-16
198,Employee_198,HR,Manager,54,84879.04,35,2.26,9839.06,2015-07-17
199,Employee_199,Marketing,Junior,57,94228.43,32,1.9,9097.44,2015-07-18
200,Employee_200,Operations,Manager,24,38505.52,0,1.28,8517.9,2015-07-19
201,Employee_201,Engineering,Manager,30,71562.74,14,4.31,525.74,2015-07-20
202,Employee_202,HR,Director,29,52836.71,12,2.02,1044.15,2015-07-21
203,Employee_203,Engineering,Manager,54,70894.26,16,2.89,5689.83,2015-07-22
204,Employee_204,Operations,Manager,27,121683.27,23,1.17,5314.79,2015-07-23
205,Employee_205,Engineering,Junior,62,80837.24,7,3.8,4579.63,2015-07-24
206,Employee_206,Sales,Director,60,92989.3,26,2.32,3967.89,2015-07-25
207,Employee_207,HR,VP,25,114213.83,22,3.98,4312.1,2015-07-26
208,Employee_208,HR,Junior,34,97547.16,7,2.65,5692.98,2015-07-27
209,Employee_209,Operations,Junior,23,66041.71,7,1.78,20.77,2015-07-28
210,Employee_210,Sales,VP,26,49483.36,25,3.05,2607.09,2015-07-29
211,Employee_211,Marketing,Manager,48,74397.11,12,1.52,5182.8,2015-07-30
212,Employee_212,Engineering,Senior,53,63645.88,38,2.76,7222.16,2015-07-31
213,Employee_213,Finance,Director,42,44509.57,36,2.27,1741.57,2015-08-01
214,Employee_214,Engineering,Senior,29,79818.5,27,4.65,5468.81,2015-08-02
215,Employee_215,Engineering,VP,59,80317.73,24,1.24,7144.6,2015-08-03
216,Employee_216,Marketing,Junior,29,110382.33,15,3.78,4446.28,2015-08-04
217,Employee_217,Engineering,Junior,24,67764.74,1,1.73,270.81,2015-08-05
218,Employee_218,Sales,Director,24,80602.43,17,2.28,4492.68,2015-08-06
219,Employee_219,Sales,Junior,43,61690.29,16,2.66,2964.45,2015-08-07
220,Employee_220,HR,Junior,27,92463.39,29,4.63,9296.5,2015-08-08
221,Employee_221,Operations,Director,23,72507.64,38,1.97,1246.13,2015-08-09
222,Employee_222,Finance,Director,44,51548.17,12,1.37,6524.76,2015-08-10
223,Employee_223,Engineering,VP,23,74730.56,31,2.27,527.2,2015-08-11
224,Employee_224,Engineering,Junior,59,82810.46,28,1.42,4461.7,2015-08-12
225,Employee_225,Marketing,Junior,38,80105.47,29,1.51,5539.79,2015-08-13
226,Employee_226,Operations,VP,56,95917.93,17,3.3,2979.55,2015-08-14
227,Employee_227,Sales,Manager,55,46038.87,12,1.24,4550.76,2015-08-15
228,Employee_228,Finance,Manager,44,58145.15,20,1.12,1635.54,2015-08-16
229,Employee_229,HR,Manager,51,87795.75,29,3.86,3041.24,2015-08-17
230,Employee_230,Sales,VP,29,60494.62,20,2.45,6211.06,2015-08-18
231,Employee_231,Operations,Junior,43,79809.42,16,1.5,3018.0,2015-08-19
232,Employee_232,HR,VP,57,26605.1,39,2.01,8997.43,2015-08-20
233,Employee_233,Marketing,VP,26,129318.93,18,3.57,6284.07,2015-08-21
234,Employee_234,Marketing,Manager,34,69605.63,14,2.1,4386.49,2015-08-22
235,Employee_235,Engineering,Senior,50,98879.13,8,2.98,387.57,2015-08-23
236,Employee_236,Operations,Junior,52,68262.04,9,1.49,4995.48,2015-08-24
237,Employee_237,Finance,Manager,37,83293.97,30,3.35,7647.76,2015-08-25
238,Employee_238,HR,Senior,63,104838.39,22,2.26,2655.58,2015-08-26
239,Employee_239,Sales,Senior,51,98316.12,29,3.51,8067.74,2015-08-27
240,Employee_240,Operations,Director,37,70910.9,32,4.23,2518.07,2015-08-28
241,Employee_241,Operations,Junior,33,72294.91,8,3.45,8237.46,2015-08-29
242,Employee_242,Marketing,Senior,38,95071.33,0,2.18,852.68,2015-08-30
243,Employee_243,Engineering,Manager,37,,34,2.02,8661.84,2015-08-31
244,Employee_244,Engineering,Director,33,78845.65,10,2.31,4991.86,2015-09-01
245,Employee_245,HR,Junior,29,114141.27,33,1.66,2965.38,2015-09-02
246,Employee_246,Marketing,VP,41,70171.71,15,1.72,2651.13,2015-09-03
247,Employee_247,Operations,Manager,24,94039.21,8,4.16,4320.11,2015-09-04
248,Employee_248,Finance,Senior,37,97023.12,31,2.54,9990.49,2015-09-05
249,Employee_249,Marketing,Senior,51,66800.79,14,2.74,2203.27,2015-09-06
250,Employee_250,HR,Manager,44,60058.44,11,3.38,1032.17,2015-09-07
251,Employee_251,HR,Senior,49,97907.78,32,3.36,5850.35,2015-09-08
252,Employee_252,Marketing,Director,61,64368.86,13,1.27,4885.42,2015-09-09
253,Employee_253,HR,Junior,26,57113.0,7,4.33,5241.96,2015-09-10
254,Employee_254,Marketing,Director,41,61320.81,7,1.71,6669.35,2015-09-11
255,Employee_255,Sales,Senior,61,,26,3.89,2671.44,2015-09-12
256,Employee_256,Marketing,VP,22,92132.34,11,4.09,9106.65,2015-09-13
257,Employee_257,Marketing,Junior,51,85300.85,0,3.86,4356.72,2015-09-14
258,Employee_258,HR,Junior,42,89313.16,39,3.32,1290.86,2015-09-15
259,Employee_259,HR,Manager,41,83427.6,10,1.06,7422.99,2015-09-16
260,Employee_260,Engineering,Manager,27,63123.2,38,2.44,6431.04,2015-09-17
261,Employee_261,Engineering,VP,43,88942.06,30,3.42,3157.43,2015-09-18
262,Employee_262,Sales,Junior,39,98649.08,16,2.55,6215.19,2015-09-19
263,Employee_263,Engineering,VP,29,86690.06,32,4.45,2198.62,2015-09-20
264,Employee_264,Marketing,Manager,60,,31,2.24,4448.39,2015-09-21
265,Employee_265,HR,Manager,53,59658.91,28,2.17,8994.13,2015-09-22
266,Employee_266,Engineering,Junior,54,79236.34,20,2.06,1335.34,2015-09-23
267,Employee_267,Engineering,Director,37,58595.17,20,2.33,3866.96,2015-09-24
268,Employee_268,Sales,Senior,33,74519.44,39,3.23,8211.42,2015-09-25
269,Employee_269,Operations,Manager,59,42194.67,22,3.83,9694.91,2015-09-26
270,Employee_270,Sales,Manager,55,42348.83,5,3.65,4539.26,2015-09-27
271,Employee_271,Marketing,Director,35,71179.05,21,4.23,5070.0,2015-09-28
272,Employee_272,HR,Director,57,64031.21,37,,5721.72,2015-09-29
273,Employee_273,Sales,VP,54,77135.74,36,4.26,9323.48,2015-09-30
274,Employee_274,Engineering,VP,44,72304.63,7,1.08,8582.07,2015-10-01
275,Employee_275,HR,Senior,23,75603.82,34,3.94,1706.01,2015-10-02
276,Employee_276,HR,Senior,62,87172.15,10,1.83,4367.58,2015-10-03
277,Employee_277,Engineering,Junior,42,65734.62,23,1.53,4640.0,2015-10-04
278,Employee_278,Sales,VP,23,70611.12,20,3.55,7890.96,2015-10-05
279,Employee_279,Engineering,Manager,48,104100.42,1,2.28,6028.93,2015-10-06
280,Employee_280,Operations,VP,30,75061.68,39,1.23,6542.2,2015-10-07
281,Employee_281,HR,Manager,22,71415.79,18,1.55,9982.0,2015-10-08
282,Employee_282,Finance,Director,32,76650.25,38,1.0,749.6,2015-10-09
283,Employee_283,Finance,VP,24,71772.71,27,4.61,2230.1,2015-10-10
284,Employee_284,Marketing,Director,44,60808.55,16,1.1,4078.96,2015-10-11
285,Employee_285,Engineering,Senior,47,55039.4,5,1.84,3477.82,2015-10-12
286,Employee_286,Engineering,Senior,25,59731.37,18,2.67,216.46,2015-10-13
287,Employee_287,Marketing,Junior,39,92458.38,37,2.43,917.78,2015-10-14
288,Employee_288,Marketing,VP,27,62401.89,27,4.65,6809.53,2015-10-15
289,Employee_289,Marketing,Director,56,71901.51,1,1.16,8793.24,2015-10-16
290,Employee_290,HR,Manager,43,89014.73,37,3.05,5142.27,2015-10-17
291,Employee_291,Operations,Senior,64,,36,3.72,5391.91,2015-10-18
292,Employee_292,Engineering,Senior,36,87667.23,3,4.73,2550.93,2015-10-19
293,Employee_293,HR,Manager,43,44184.14,21,3.48,7678.76,2015-10-20
294,Employee_294,Marketing,Director,58,72349.67,25,4.22,7517.95,2015-10-21
295,Employee_295,Engineering,Director,63,76577.92,35,1.33,5883.66,2015-10-22
296,Employee_296,HR,VP,33,75462.77,12,2.54,2126.64,2015-10-23
297,Employee_297,Operations,VP,63,41941.63,31,2.5,970.18,2015-10-24
298,Employee_298,HR,Junior,59,99062.25,16,4.55,642.39,2015-10-25
299,Employee_299,Operations,Senior,39,57906.54,35,1.61,5926.96,2015-10-26
300,Employee_300,Marketing,VP,56,,18,1.61,8250.35,2015-10-27
301,Employee_301,Operations,Director,51,75159.29,34,2.31,8583.3,2015-10-28
302,Employee_302,Engineering,Manager,45,95074.19,39,1.22,4636.22,2015-10-29
303,Employee_303,Marketing,Director,63,118749.78,27,1.73,7842.71,2015-10-30
304,Employee_304,Engineering,Senior,51,,0,4.86,9468.8,2015-10-31
305,Employee_305,Finance,Director,35,62021.72,17,2.71,2751.7,2015-11-01
306,Employee_306,Sales,Junior,27,78781.85,39,3.53,3979.6,2015-11-02
307,Employee_307,Operations,Senior,24,52892.93,32,3.9,9314.79,2015-11-03
308,Employee_308,Sales,Manager,37,90643.65,11,2.47,3382.31,2015-11-04
309,Employee_309,Sales,Junior,28,91867.45,7,1.59,9138.76,2015-11-05
310,Employee_310,Operations,Senior,35,86188.98,23,1.83,9810.45,2015-11-06
311,Employee_311,Marketing,Manager,30,79731.64,15,2.25,6618.11,2015-11-07
312,Employee_312,Finance,Junior,36,102394.18,3,,8168.9,2015-11-08
313,Employee_313,Engineering,Junior,42,51887.49,37,2.59,7495.46,2015-11-09
314,Employee_314,HR,Senior,56,76305.36,26,1.03,6995.34,2015-11-10
315,Employee_315,Engineering,VP,23,60223.94,8,3.09,3069.31,2015-11-11
316,Employee_316,HR,Junior,48,92798.33,15,4.69,570.94,2015-11-12
317,Employee_317,Engineering,Junior,23,,11,4.25,3430.52,2015-11-13
318,Employee_318,Operations,Manager,56,74438.32,30,4.3,6669.36,2015-11-14
319,Employee_319,Finance,Director,39,81704.77,23,4.18,1025.29,2015-11-15
320,Employee_320,HR,Senior,35,56050.16,13,2.29,119.18,2015-11-16
321,Employee_321,Marketing,Senior,41,62476.2,24,4.06,1396.92,2015-11-17
322,Employee_322,Engineering,VP,39,75307.58,33,1.57,7157.36,2015-11-18
323,Employee_323,Engineering,VP,31,94101.93,2,3.63,9727.94,2015-11-19
324,Employee_324,HR,Senior,46,54342.62,23,3.57,9830.65,2015-11-20
325,Employee_325,Marketing,VP,23,57831.0,8,1.1,4939.79,2015-11-21
326,Employee_326,Marketing,Manager,46,97511.76,25,4.15,8693.52,2015-11-22
327,Employee_327,Operations,Senior,54,69540.49,19,4.61,7368.26,2015-11-23
328,Employee_328,Operations,VP,57,59449.22,39,2.07,5010.4,2015-11-24
329,Employee_329,Operations,Senior,52,89573.7,9,4.25,5727.61,2015-11-25
330,Employee_330,Operations,Director,35,65236.06,18,1.33,1372.27,2015-11-26
331,Employee_331,Operations,Junior,22,95548.43,2,3.4,9376.61,2015-11-27
332,Employee_332,Operations,Senior,37,61725.59,23,2.94,3519.3,2015-11-28
333,Employee_333,Finance,Junior,24,71808.11,4,3.18,4461.49,2015-11-29
334,Employee_334,Marketing,VP,56,93899.43,2,4.7,6716.6,2015-11-30
335,Employee_335,Operations,Junior,62,,26,4.49,3339.02,2015-12-01
336,Employee_336,Marketing,Senior,27,90121.07,15,4.14,2542.59,2015-12-02
337,Employee_337,Marketing,Director,46,73689.05,14,2.09,6310.49,2015-12-03
338,Employee_338,Sales,VP,34,114633.84,34,4.65,249.84,2015-12-04
339,Employee_339,Finance,Senior,55,106375.57,11,1.39,7207.25,2015-12-05
340,Employee_340,Operations,VP,29,48438.07,25,4.41,5140.23,2015-12-06
341,Employee_341,Engineering,Manager,42,85444.87,33,2.31,6057.54,2015-12-07
342,Employee_342,HR,Junior,55,58671.92,22,1.22,6318.8,2015-12-08
343,Employee_343,Engineering,Manager,25,78830.14,30,,5270.5,2015-12-09
344,Employee_344,Finance,Senior,46,76367.41,19,1.93,5825.34,2015-12-10
345,Employee_345,HR,Director,36,53892.26,11,1.97,6837.88,2015-12-11
346,Employee_346,Finance,VP,25,96169.69,22,2.22,7531.19,2015-12-12
347,Employee_347,Marketing,Junior,33,79066.06,3,1.25,7274.52,2015-12-13
348,Employee_348,HR,VP,53,69306.34,22,1.71,8696.16,2015-12-14
349,Employee_349,Marketing,Senior,53,66237.8,0,1.02,1894.43,2015-12-15
350,Employee_350,Engineering,VP,49,77795.54,24,2.78,4011.48,2015-12-16
351,Employee_351,Engineering,Junior,34,83158.5,1,1.34,9477.96,2015-12-17
352,Employee_352,HR,Senior,52,72500.48,29,3.73,3965.91,2015-12-18
353,Employee_353,HR,VP,35,18349.61,2,1.94,1248.7,2015-12-19
354,Employee_354,Operations,Director,41,75337.81,20,4.77,5254.45,2015-12-20
355,Employee_355,Finance,Senior,39,46170.36,24,4.49,1094.91,2015-12-21
356,Employee_356,Operations,Senior,50,70810.95,19,2.16,2028.53,2015-12-22
357,Employee_357,Finance,Director,27,46908.71,21,4.13,9983.19,2015-12-23
358,Employee_358,Operations,Manager,53,46670.05,20,4.21,5413.63,2015-12-24
359,Employee_359,Marketing,Junior,50,99702.44,32,4.95,2840.58,2015-12-25
360,Employee_360,HR,Manager,64,68598.16,37,3.39,9947.75,2015-12-26
361,Employee_361,Engineering,VP,23,,14,1.33,9665.59,2015-12-27
362,Employee_362,Finance,Director,44,84650.48,14,3.59,4407.39,2015-12-28
363,Employee_363,Finance,Manager,40,67588.19,24,3.5,2604.03,2015-12-29
364,Employee_364,Engineering,Senior,52,117076.12,20,3.55,8384.0,2015-12-30
365,Employee_365,Operations,VP,26,69539.6,23,2.23,7156.21,2015-12-31
366,Employee_366,Finance,VP,40,82302.51,4,4.44,6869.41,2016-01-01
367,Employee_367,Marketing,Manager,55,,5,4.84,8931.14,2016-01-02
368,Employee_368,HR,Manager,31,,22,1.87,6894.17,2016-01-03
369,Employee_369,Engineering,Director,46,60159.88,3,1.35,2837.98,2016-01-04
370,Employee_370,HR,Junior,23,66640.73,26,1.78,6938.63,2016-01-05
371,Employee_371,Finance,Manager,32,100491.84,17,,3058.14,2016-01-06
372,Employee_372,Finance,Manager,52,91201.25,20,3.71,7592.39,2016-01-07
373,Employee_373,Engineering,Senior,36,96503.52,27,3.54,6197.48,2016-01-08
374,Employee_374,Marketing,VP,30,47625.91,34,2.61,774.12,2016-01-09
375,Employee_375,Sales,Junior,44,105960.0,21,3.31,5128.35,2016-01-10
376,Employee_376,Engineering,Senior,40,59771.85,39,2.23,3433.01,2016-01-11
377,Employee_377,Sales,Director,30,78845.86,22,2.91,3285.71,2016-01-12
378,Employee_378,Operations,Director,56,72035.54,2,4.17,6022.56,2016-01-13
379,Employee_379,Sales,Manager,42,57430.34,39,4.92,3223.25,2016-01-14
380,Employee_380,Marketing,Manager,30,46749.28,9,4.73,7768.94,2016-01-15
381,Employee_381,Operations,Director,49,40123.04,24,4.74,707.91,2016-01-16
382,Employee_382,Sales,Manager,28,77380.37,7,2.61,6603.88,2016-01-17
383,Employee_383,Operations,Junior,37,44493.62,10,2.88,8091.95,2016-01-18
384,Employee_384,Sales,Manager,37,52323.69,4,3.82,6728.32,2016-01-19
385,Employee_385,Marketing,VP,54,70639.28,36,4.69,4972.29,2016-01-20
386,Employee_386,Sales,Manager,25,22223.83,37,1.57,9503.07,2016-01-21
387,Employee_387,Sales,Senior,25,90579.59,28,2.22,2999.38,2016-01-22
388,Employee_388,Sales,Junior,60,26802.24,4,1.56,191.68,2016-01-23
389,Employee_389,Engineering,Senior,61,73452.55,8,3.45,4319.89,2016-01-24
390,Employee_390,Engineering,Senior,38,75300.38,1,2.23,330.12,2016-01-25
391,Employee_391,Engineering,VP,58,85761.23,0,2.3,9539.37,2016-01-26
392,Employee_392,Marketing,Junior,60,74166.38,39,1.28,2099.18,2016-01-27
393,Employee_393,Operations,Junior,50,115358.16,29,2.4,7889.27,2016-01-28
394,Employee_394,Finance,Junior,57,79326.34,10,4.45,7745.72,2016-01-29
395,Employee_395,Sales,Junior,59,96072.25,27,1.93,2177.29,2016-01-30
396,Employee_396,Sales,Junior,60,60530.74,11,3.78,6212.27,2016-01-31
397,Employee_397,Marketing,VP,58,77415.14,38,3.52,480.79,2016-02-01
398,Employee_398,Sales,Manager,56,105951.4,25,4.45,4835.75,2016-02-02
399,Employee_399,Engineering,Senior,28,70246.1,12,1.53,146.47,2016-02-03
400,Employee_400,Finance,Junior,48,78844.7,7,4.91,9211.44,2016-02-04
401,Employee_401,HR,Manager,49,94617.07,27,3.33,9760.86,2016-02-05
402,Employee_402,Sales,Manager,43,60155.41,29,4.98,2222.83,2016-02-06
403,Employee_403,Engineering,Senior,35,31768.79,8,4.65,2081.06,2016-02-07
404,Employee_404,HR,VP,28,80111.47,38,1.89,7537.2,2016-02-08
405,Employee_405,Finance,Director,58,94773.38,30,1.22,2533.79,2016-02-09
406,Employee_406,HR,Director,43,47971.08,20,2.02,8950.77,2016-02-10
407,Employee_407,Engineering,Manager,26,88404.4,33,3.11,5739.29,2016-02-11
408,Employee_408,Operations,Senior,23,88539.33,30,1.69,3507.78,2016-02-12
409,Employee_409,Operations,Director,48,29530.07,24,1.67,8326.94,2016-02-13
410,Employee_410,HR,Manager,42,56274.23,11,2.85,4934.07,2016-02-14
411,Employee_411,Marketing,VP,59,67083.42,0,1.13,9116.33,2016-02-15
412,Employee_412,HR,Director,36,71407.52,21,1.49,9280.14,2016-02-16
413,Employee_413,Sales,Manager,42,60137.31,39,2.66,1654.2,2016-02-17
414,Employee_414,Sales,Manager,31,59059.94,36,1.25,23.23,2016-02-18
415,Employee_415,Operations,Junior,44,108429.66,0,2.59,9839.31,2016-02-19
416,Employee_416,Marketing,VP,60,72848.82,0,2.9,9061.38,2016-02-20
417,Employee_417,Engineering,Junior,26,61099.13,20,2.81,554.45,2016-02-21
418,Employee_418,Sales,Senior,22,74176.61,14,4.48,8330.34,2016-02-22
419,Employee_419,Operations,Junior,34,85741.82,16,3.12,4578.05,2016-02-23
420,Employee_420,Finance,Junior,42,76032.53,21,2.87,2589.62,2016-02-24
421,Employee_421,Operations,Director,47,70885.45,37,2.64,8787.47,2016-02-25
422,Employee_422,Sales,Manager,42,61999.67,34,4.27,1966.67,2016-02-26
423,Employee_423,Sales,VP,39,61757.38,15,4.58,9473.0,2016-02-27
424,Employee_424,Operations,Junior,58,63043.83,7,,2056.21,2016-02-28
425,Employee_425,Engineering,VP,53,81776.29,16,3.69,6136.83,2016-02-29
426,Employee_426,HR,Junior,57,55116.4,16,1.55,2230.86,2016-03-01
427,Employee_427,Sales,Senior,38,82865.38,25,2.11,5456.69,2016-03-02
428,Employee_428,Operations,Junior,56,103259.9,12,1.18,6839.75,2016-03-03
429,Employee_429,Operations,Director,32,81514.15,16,4.72,1902.28,2016-03-04
430,Employee_430,Marketing,Manager,42,67608.29,37,3.64,5208.86,2016-03-05
431,Employee_431,HR,Senior,47,49037.46,16,3.99,4690.6,2016-03-06
432,Employee_432,Finance,Junior,25,106562.14,13,2.25,710.37,2016-03-07
433,Employee_433,Engineering,VP,55,51599.65,5,4.38,8183.08,2016-03-08
434,Employee_434,Finance,Senior,39,91971.24,34,2.04,3356.82,2016-03-09
435,Employee_435,HR,Senior,61,87770.36,13,1.01,5745.82,2016-03-10
436,Employee_436,HR,Junior,56,70264.63,7,2.51,5147.84,2016-03-11
437,Employee_437,HR,Senior,62,69740.42,14,3.28,5132.61,2016-03-12
438,Employee_438,Finance,VP,50,38285.77,26,2.91,1072.22,2016-03-13
439,Employee_439,HR,Senior,50,81601.3,12,4.45,4234.82,2016-03-14
440,Employee_440,Operations,VP,59,87398.53,30,1.42,4523.67,2016-03-15
441,Employee_441,Finance,Junior,63,53218.4,34,3.22,7336.43,2016-03-16
442,Employee_442,HR,Manager,42,71883.57,5,3.05,8400.19,2016-03-17
443,Employee_443,Operations,Senior,63,75757.24,4,2.13,5449.82,2016-03-18
444,Employee_444,Marketing,Manager,34,86691.45,21,4.29,867.83,2016-03-19
445,Employee_445,HR,VP,62,75076.06,22,4.01,2368.49,2016-03-20
446,Employee_446,Finance,Senior,38,42473.61,24,3.93,1649.34,2016-03-21
447,Employee_447,Sales,Director,30,64401.24,33,4.5,1246.15,2016-03-22
448,Employee_448,HR,Manager,62,79492.52,25,3.89,3658.99,2016-03-23
449,Employee_449,Sales,Senior,22,91830.57,4,1.93,2293.94,2016-03-24
450,Employee_450,Operations,Manager,23,62647.27,25,3.82,2183.03,2016-03-25
451,Employee_451,Marketing,Senior,50,118753.0,19,2.23,546.93,2016-03-26
452,Employee_452,Engineering,Junior,54,37110.54,5,,176.7,2016-03-27
453,Employee_453,Marketing,Manager,31,63726.0,5,1.29,1027.68,2016-03-28
454,Employee_454,HR,Director,61,73339.33,17,3.98,1721.97,2016-03-29
455,Employee_455,Sales,Director,42,70985.02,3,3.84,4309.84,2016-03-30
456,Employee_456,Sales,VP,49,,16,1.94,5105.2,2016-03-31
457,Employee_457,Finance,Senior,32,83957.23,13,4.0,1405.92,2016-04-01
458,Employee_458,Sales,Manager,55,,13,4.67,4247.83,2016-04-02
459,Employee_459,Finance,VP,29,75959.23,12,1.43,3417.49,2016-04-03
460,Employee_460,Operations,Manager,43,,6,1.93,1834.24,2016-04-04
461,Employee_461,Engineering,Senior,29,66524.47,14,4.0,68.41,2016-04-05
462,Employee_462,HR,Director,36,42652.74,18,,4670.18,2016-04-06
463,Employee_463,Finance,Junior,38,60667.2,34,3.5,6856.52,2016-04-07
464,Employee_464,Engineering,Director,44,78141.09,16,1.32,2262.77,2016-04-08
465,Employee_465,Sales,VP,45,78254.89,34,2.81,1318.07,2016-04-09
466,Employee_466,Sales,Junior,40,75827.58,18,3.96,8870.43,2016-04-10
467,Employee_467,Engineering,VP,26,85974.17,19,3.75,2750.25,2016-04-11
468,Employee_468,Sales,Senior,53,63377.08,35,4.26,2236.13,2016-04-12
469,Employee_469,Operations,Junior,22,75533.62,34,4.51,8570.97,2016-04-13
470,Employee_470,Operations,VP,44,86441.86,31,4.09,8171.07,2016-04-14
471,Employee_471,Engineering,Senior,58,73302.2,39,3.69,4483.46,2016-04-15
472,Employee_472,Finance,Director,29,50133.52,23,1.13,4892.39,2016-04-16
473,Employee_473,Finance,Senior,34,55770.23,16,3.14,2177.49,2016-04-17
474,Employee_474,Engineering,Manager,29,,6,1.15,783.02,2016-04-18
475,Employee_475,Finance,Senior,44,102849.44,0,4.23,5734.32,2016-04-19
476,Employee_476,Finance,Senior,64,98505.66,34,2.28,983.45,2016-04-20
477,Employee_477,Operations,Manager,22,79643.12,31,3.25,4492.75,2016-04-21
478,Employee_478,Finance,VP,45,50937.35,35,2.12,9404.97,2016-04-22
479,Employee_479,Marketing,VP,56,74872.97,12,4.13,9528.34,2016-04-23
480,Employee_480,HR,Senior,45,106245.1,5,4.55,2393.32,2016-04-24
481,Employee_481,Sales,Manager,38,87369.77,13,2.59,6241.13,2016-04-25
482,Employee_482,Marketing,Manager,26,70850.45,36,4.45,4740.76,2016-04-26
483,Employee_483,Finance,Director,41,87572.5,14,2.07,8756.85,2016-04-27
484,Employee_484,Operations,VP,42,49612.1,3,3.14,2714.31,2016-04-28
485,Employee_485,Engineering,Junior,61,61086.57,39,4.44,37.02,2016-04-29
486,Employee_486,Finance,VP,52,53316.17,15,2.3,1625.61,2016-04-30
487,Employee_487,Operations,VP,57,84391.44,27,4.82,3495.23,2016-05-01
488,Employee_488,HR,Director,32,89282.07,15,1.49,3157.21,2016-05-02
489,Employee_489,Finance,Junior,36,71923.48,3,1.07,7913.63,2016-05-03
490,Employee_490,Engineering,Director,40,57541.41,25,4.62,6805.61,2016-05-04
491,Employee_491,Operations,Junior,28,74605.02,27,1.27,2995.56,2016-05-05
492,Employee_492,Operations,Senior,49,65268.4,31,4.97,4577.44,2016-05-06
493,Employee_493,Operations,Junior,64,59076.59,1,4.81,955.59,2016-05-07
494,Employee_494,HR,Director,26,81779.87,30,1.55,8981.46,2016-05-08
495,Employee_495,Finance,VP,26,59840.16,2,3.15,9354.25,2016-05-09
496,Employee_496,HR,Junior,51,43673.01,7,1.74,9798.04,2016-05-10
497,Employee_497,Sales,Junior,53,48117.71,23,2.71,8685.53,2016-05-11
498,Employee_498,Sales,Manager,29,42934.79,14,1.25,1739.61,2016-05-12
499,Employee_499,Finance,VP,31,79950.24,30,1.9,461.96,2016-05-13
500,Employee_500,HR,Senior,59,78008.11,8,2.45,5795.97,2016-05-14
501,Employee_501,Engineering,Director,53,77010.4,38,2.75,9126.05,2016-05-15
502,Employee_502,Operations,Senior,49,86754.63,1,4.91,1773.51,2016-05-16
503,Employee_503,Operations,VP,38,98839.18,7,4.23,70.43,2016-05-17
504,Employee_504,Finance,Junior,52,63154.67,6,3.95,8054.96,2016-05-18
505,Employee_505,Sales,Junior,29,83129.55,38,3.15,767.96,2016-05-19
506,Employee_506,Sales,VP,61,43407.69,15,4.36,4137.06,2016-05-20
507,Employee_507,Operations,Junior,46,102574.19,34,2.36,6788.87,2016-05-21
508,Employee_508,Finance,Junior,30,50103.38,29,,2367.98,2016-05-22
509,Employee_509,HR,Junior,23,60798.38,9,4.98,839.63,2016-05-23
510,Employee_510,Sales,Director,36,63045.81,37,2.26,7700.21,2016-05-24
511,Employee_511,HR,Director,24,44474.58,17,3.7,6301.75,2016-05-25
512,Employee_512,Sales,Manager,57,75651.51,4,4.38,9884.9,2016-05-26
513,Employee_513,Sales,Senior,25,79278.08,28,4.66,3443.08,2016-05-27
514,Employee_514,Marketing,VP,35,71211.73,38,3.87,617.62,2016-05-28
515,Employee_515,Sales,VP,62,44195.05,33,2.13,7343.5,2016-05-29
516,Employee_516,Engineering,VP,62,114667.72,22,2.31,5217.33,2016-05-30
517,Employee_517,Finance,Manager,46,85984.62,4,1.08,2132.04,2016-05-31
518,Employee_518,Finance,Director,31,127684.44,29,4.04,7817.29,2016-06-01
519,Employee_519,HR,Manager,42,58897.82,5,1.17,2037.55,2016-06-02
520,Employee_520,Sales,VP,57,94157.64,3,4.46,2606.62,2016-06-03
521,Employee_521,Engineering,Senior,33,90585.48,28,1.47,925.29,2016-06-04
522,Employee_522,HR,Junior,48,69188.5,22,1.69,3994.32,2016-06-05
523,Employee_523,Marketing,Director,61,103221.02,5,2.91,4189.29,2016-06-06
524,Employee_524,HR,Director,23,66891.8,31,3.95,5145.62,2016-06-07
525,Employee_525,HR,Manager,34,67782.17,17,1.56,7089.64,2016-06-08
526,Employee_526,Sales,Director,53,,14,2.76,9061.01,2016-06-09
527,Employee_527,Marketing,VP,52,83180.56,39,2.93,1377.34,2016-06-10
528,Employee_528,HR,VP,37,48489.8,31,1.85,543.48,2016-06-11
529,Employee_529,Engineering,Manager,53,,8,1.46,185.31,2016-06-12
530,Employee_530,Engineering,VP,53,54475.61,36,4.35,1436.21,2016-06-13
531,Employee_531,Finance,Senior,55,67675.37,9,3.01,6579.49,2016-06-14
532,Employee_532,Marketing,Manager,32,83877.6,19,1.06,7274.77,2016-06-15
533,Employee_533,Marketing,Senior,31,75222.83,5,4.21,7865.06,2016-06-16
534,Employee_534,Finance,Junior,36,,2,4.92,2437.08,2016-06-17
535,Employee_535,HR,Senior,38,100312.59,10,3.42,3058.95,2016-06-18
536,Employee_536,Marketing,Junior,61,67624.08,16,3.01,4831.35,2016-06-19
537,Employee_537,Engineering,Junior,39,65428.66,31,4.51,631.83,2016-06-20
538,Employee_538,Engineering,Senior,30,94154.55,3,4.81,6111.42,2016-06-21
539,Employee_539,Sales,Manager,46,95740.95,3,4.02,9837.35,2016-06-22
540,Employee_540,Marketing,VP,61,89811.82,16,2.78,3608.06,2016-06-23
541,Employee_541,HR,VP,35,,18,3.37,7528.47,2016-06-24
542,Employee_542,Finance,Junior,46,83453.1,4,3.8,5000.34,2016-06-25
543,Employee_543,Finance,Junior,43,77189.41,31,1.78,1278.12,2016-06-26
544,Employee_544,HR,Manager,51,96050.58,21,2.79,5822.37,2016-06-27
545,Employee_545,Operations,Director,41,63542.56,5,4.32,2998.74,2016-06-28
546,Employee_546,Sales,Senior,42,41667.79,34,3.62,344.03,2016-06-29
547,Employee_547,Finance,Junior,53,88804.74,21,2.64,6349.3,2016-06-30
548,Employee_548,Marketing,VP,42,23832.63,0,3.65,8589.32,2016-07-01
549,Employee_549,Sales,Manager,56,60369.73,19,1.47,3447.7,2016-07-02
550,Employee_550,Marketing,Senior,53,54536.09,21,2.61,3902.96,2016-07-03
551,Employee_551,Engineering,Manager,51,54401.31,10,4.17,8910.22,2016-07-04
552,Employee_552,Sales,Senior,60,60019.37,12,1.88,8136.09,2016-07-05
553,Employee_553,Finance,Senior,33,99347.47,2,1.74,7149.53,2016-07-06
554,Employee_554,Sales,Junior,62,91411.11,8,4.8,2487.97,2016-07-07
555,Employee_555,Sales,Manager,39,,11,1.84,9102.17,2016-07-08
556,Employee_556,Sales,Manager,42,97672.47,22,2.04,1544.16,2016-07-09
557,Employee_557,Operations,VP,34,53754.06,13,4.88,6267.71,2016-07-10
558,Employee_558,Sales,VP,42,51034.33,32,3.94,288.01,2016-07-11
559,Employee_559,Marketing,Junior,29,92271.93,17,3.8,6437.2,2016-07-12
560,Employee_560,Engineering,Junior,61,86592.86,8,4.41,2771.44,2016-07-13
561,Employee_561,HR,Director,28,65794.73,22,1.46,4496.77,2016-07-14
562,Employee_562,Sales,VP,44,52290.78,9,3.82,3452.65,2016-07-15
563,Employee_563,Finance,Senior,53,104194.64,18,3.01,1727.57,2016-07-16
564,Employee_564,Sales,Manager,32,40597.95,4,4.32,6219.81,2016-07-17
565,Employee_565,Finance,Junior,43,63031.48,22,,8819.76,2016-07-18
566,Employee_566,Marketing,Manager,43,,29,3.48,9590.84,2016-07-19
567,Employee_567,Finance,Manager,64,111043.3,24,2.91,1923.46,2016-07-20
568,Employee_568,HR,Director,46,82662.0,27,2.91,7173.73,2016-07-21
569,Employee_569,Engineering,VP,43,84606.09,33,4.07,6643.39,2016-07-22
570,Employee_570,Finance,Junior,49,63612.33,24,3.51,3433.78,2016-07-23
571,Employee_571,Finance,Manager,50,86369.6,9,3.53,190.99,2016-07-24
572,Employee_572,Engineering,Junior,34,,13,2.8,6897.91,2016-07-25
573,Employee_573,HR,Senior,39,43230.71,29,3.12,9454.95,2016-07-26
574,Employee_574,Sales,Director,23,90858.7,24,3.98,6321.2,2016-07-27
575,Employee_575,Finance,Senior,50,94407.87,13,4.3,4352.93,2016-07-28
576,Employee_576,Engineering,Junior,42,91067.3,34,3.79,5251.54,2016-07-29
577,Employee_577,Marketing,Junior,36,75666.56,33,4.7,1996.29,2016-07-30
578,Employee_578,Engineering,VP,48,55876.46,9,4.28,7505.44,2016-07-31
579,Employee_579,Marketing,Manager,52,28816.33,34,3.25,7464.2,2016-08-01
580,Employee_580,HR,Manager,36,78141.07,10,3.69,1455.17,2016-08-02
581,Employee_581,Sales,Senior,44,96638.84,10,4.71,8779.78,2016-08-03
582,Employee_582,Engineering,Director,45,94910.65,20,3.48,2691.9,2016-08-04
583,Employee_583,Operations,Manager,34,91321.46,20,4.3,9822.56,2016-08-05
584,Employee_584,Finance,VP,43,73515.78,21,3.76,3829.03,2016-08-06
585,Employee_585,HR,Senior,64,96749.28,6,3.21,1778.84,2016-08-07
586,Employee_586,Engineering,Senior,58,93483.24,16,1.97,3517.2,2016-08-08
587,Employee_587,Finance,VP,54,66547.33,1,2.7,4401.8,2016-08-09
588,Employee_588,Engineering,Director,24,,11,4.87,693.08,2016-08-10
589,Employee_589,Marketing,VP,40,64280.82,17,3.63,5782.18,2016-08-11
590,Employee_590,Engineering,Director,44,,10,3.26,5976.32,2016-08-12
591,Employee_591,Operations,VP,50,49017.67,15,4.73,7389.3,2016-08-13
592,Employee_592,Engineering,VP,51,50555.76,17,3.35,291.7,2016-08-14
593,Employee_593,Engineering,Junior,60,96164.14,34,3.1,5412.38,2016-08-15
594,Employee_594,Operations,Senior,46,93751.2,25,4.04,529.07,2016-08-16
595,Employee_595,HR,VP,58,87672.23,15,3.85,7011.44,2016-08-17
596,Employee_596,Engineering,VP,29,76759.38,5,1.77,557.28,2016-08-18
597,Employee_597,Operations,Manager,63,,11,2.89,9117.28,2016-08-19
598,Employee_598,Finance,Senior,37,73502.48,12,,7020.83,2016-08-20
599,Employee_599,Marketing,Manager,29,84083.66,3,2.51,5073.9,2016-08-21
600,Employee_600,Marketing,Senior,22,64305.34,38,3.07,4415.04,2016-08-22
601,Employee_601,Engineering,Manager,26,60750.12,1,2.65,1306.73,2016-08-23
602,Employee_602,HR,VP,24,103888.41,25,1.8,2909.99,2016-08-24
603,Employee_603,HR,VP,22,73794.22,26,2.65,8689.59,2016-08-25
604,Employee_604,Finance,Junior,25,84095.9,26,1.29,9044.53,2016-08-26
605,Employee_605,Engineering,Manager,61,90482.63,14,3.3,7.48,2016-08-27
606,Employee_606,Marketing,Director,56,54971.26,7,4.41,5941.36,2016-08-28
607,Employee_607,HR,Junior,53,,6,3.9,7193.01,2016-08-29
608,Employee_608,Engineering,Manager,63,101392.89,39,2.44,6187.47,2016-08-30
609,Employee_609,HR,Manager,55,111384.46,11,1.35,816.8,2016-08-31
610,Employee_610,Operations,Junior,64,75798.73,12,1.81,2177.25,2016-09-01
611,Employee_611,HR,VP,46,70241.13,16,3.18,2503.4,2016-09-02
612,Employee_612,Marketing,Manager,31,80380.48,16,1.83,8317.25,2016-09-03
613,Employee_613,Sales,VP,42,79872.74,35,3.18,4631.99,2016-09-04
614,Employee_614,Finance,Junior,60,102735.16,20,1.93,4868.28,2016-09-05
615,Employee_615,Finance,VP,48,55072.17,7,4.4,9348.93,2016-09-06
616,Employee_616,Marketing,Senior,48,69402.54,4,2.59,6370.86,2016-09-07
617,Employee_617,HR,Director,23,52657.17,25,1.98,8986.68,2016-09-08
618,Employee_618,Engineering,Manager,62,54758.1,15,4.25,4565.09,2016-09-09
619,Employee_619,HR,Director,34,82531.48,35,2.37,1494.36,2016-09-10
620,Employee_620,Marketing,VP,30,91197.16,27,1.45,9299.36,2016-09-11
621,Employee_621,Finance,Manager,57,62012.17,28,3.28,4587.05,2016-09-12
622,Employee_622,HR,VP,43,90441.9,11,3.33,1816.31,2016-09-13
623,Employee_623,Finance,Senior,63,97231.57,36,3.86,3023.96,2016-09-14
624,Employee_624,Engineering,Junior,47,113694.12,29,1.96,508.03,2016-09-15
625,Employee_625,Finance,Manager,33,76394.94,22,2.78,4683.01,2016-09-16
626,Employee_626,Finance,Senior,38,62204.71,15,2.13,8531.28,2016-09-17
627,Employee_627,Sales,Senior,35,54950.56,13,1.32,9335.8,2016-09-18
628,Employee_628,Sales,Manager,35,52964.14,9,4.51,9326.02,2016-09-19
629,Employee_629,Operations,VP,55,99995.61,6,3.92,1252.3,2016-09-20
630,Employee_630,Sales,Senior,41,44698.09,36,2.21,3820.54,2016-09-21
631,Employee_631,Finance,Director,32,99354.97,28,3.4,282.29,2016-09-22
632,Employee_632,Marketing,Senior,37,57631.18,2,1.81,8551.65,2016-09-23
633,Employee_633,Finance,VP,52,61295.88,14,4.56,3587.56,2016-09-24
634,Employee_634,Marketing,VP,27,71968.89,35,1.46,6311.17,2016-09-25
635,Employee_635,Marketing,Director,40,60926.91,18,1.02,7148.98,2016-09-26
636,Employee_636,Sales,Senior,58,93639.6,12,3.01,4298.45,2016-09-27
637,Employee_637,HR,VP,25,111266.88,20,3.33,3064.42,2016-09-28
638,Employee_638,Engineering,Manager,25,61851.36,36,3.32,9622.13,2016-09-29
639,Employee_639,Sales,Junior,41,66355.24,26,1.22,9644.88,2016-09-30
640,Employee_640,Sales,Junior,31,71733.58,28,2.26,2894.36,2016-10-01
641,Employee_641,HR,Junior,45,85821.14,19,3.0,4796.25,2016-10-02
642,Employee_642,Engineering,Senior,56,71930.31,24,1.87,9728.44,2016-10-03
643,Employee_643,Finance,Director,47,102745.15,5,4.49,48.68,2016-10-04
644,Employee_644,Operations,VP,58,97932.48,35,1.35,4126.78,2016-10-05
645,Employee_645,Operations,Manager,59,51290.75,1,2.95,1004.58,2016-10-06
646,Employee_646,Finance,Manager,42,85419.36,21,3.77,5091.58,2016-10-07
647,Employee_647,Sales,Senior,61,105406.78,31,2.05,246.7,2016-10-08
648,Employee_648,Engineering,Junior,60,65104.38,15,3.5,4068.98,2016-10-09
649,Employee_649,Sales,Senior,42,69114.7,17,4.32,2206.99,2016-10-10
650,Employee_650,Marketing,Director,31,64439.26,4,1.76,5333.08,2016-10-11
651,Employee_651,Sales,Director,59,64858.49,35,4.67,9959.94,2016-10-12
652,Employee_652,Sales,VP,25,41630.97,29,3.21,8005.36,2016-10-13
653,Employee_653,Finance,VP,41,48433.7,18,2.2,8456.42,2016-10-14
654,Employee_654,Finance,Director,38,76549.47,22,2.72,6352.65,2016-10-15
655,Employee_655,Finance,Director,28,105271.96,33,2.25,415.6,2016-10-16
656,Employee_656,Operations,Director,25,62732.78,12,3.9,2067.98,2016-10-17
657,Employee_657,Marketing,Senior,50,62144.85,28,4.19,9250.65,2016-10-18
658,Employee_658,Finance,Director,35,109030.42,35,4.33,3661.13,2016-10-19
659,Employee_659,Engineering,Manager,24,52834.85,21,4.94,1036.37,2016-10-20
660,Employee_660,Operations,Junior,45,41775.14,35,,7024.05,2016-10-21
661,Employee_661,HR,Director,58,58429.69,8,3.41,2994.58,2016-10-22
662,Employee_662,Engineering,Junior,37,61744.31,38,2.36,2688.57,2016-10-23
663,Employee_663,Engineering,Senior,25,40050.94,18,3.18,9979.77,2016-10-24
664,Employee_664,Finance,Junior,45,72439.17,37,1.16,8581.39,2016-10-25
665,Employee_665,HR,Senior,55,93968.93,5,3.98,4079.38,2016-10-26
666,Employee_666,HR,Manager,51,49280.9,14,2.78,9802.61,2016-10-27
667,Employee_667,Operations,Senior,39,76751.56,19,1.08,6501.13,2016-10-28
668,Employee_668,HR,Senior,40,82918.71,8,1.25,7420.22,2016-10-29
669,Employee_669,Marketing,VP,52,73332.31,31,2.55,315.13,2016-10-30
670,Employee_670,Finance,Director,40,78713.85,3,3.33,1216.05,2016-10-31
671,Employee_671,HR,Director,40,78946.55,17,2.86,6330.85,2016-11-01
672,Employee_672,Operations,Manager,43,58745.44,4,3.48,8990.24,2016-11-02
673,Employee_673,Marketing,Manager,45,104971.65,19,2.92,6237.44,2016-11-03
674,Employee_674,Sales,Director,33,99955.14,22,3.65,1340.25,2016-11-04
675,Employee_675,Sales,VP,51,98798.23,10,1.88,1157.6,2016-11-05
676,Employee_676,Marketing,Director,59,95273.51,36,1.45,8441.86,2016-11-06
677,Employee_677,Operations,VP,52,43500.41,21,3.39,1393.02,2016-11-07
678,Employee_678,Marketing,Manager,57,93521.25,3,2.94,5202.32,2016-11-08
679,Employee_679,Finance,Junior,40,88112.03,28,1.11,371.13,2016-11-09
680,Employee_680,Finance,Manager,57,,33,2.52,806.7,2016-11-10
681,Employee_681,Sales,Manager,51,70701.79,12,1.42,6723.48,2016-11-11
682,Employee_682,HR,Senior,54,80535.87,8,3.13,6891.81,2016-11-12
683,Employee_683,Operations,Senior,39,,30,2.58,3414.69,2016-11-13
684,Employee_684,Sales,Senior,49,89494.48,6,3.45,2156.1,2016-11-14
685,Employee_685,HR,Senior,32,57708.69,3,4.22,8137.1,2016-11-15
686,Employee_686,HR,VP,54,108907.77,18,2.2,2171.03,2016-11-16
687,Employee_687,Finance,Director,38,75875.6,29,4.85,5420.27,2016-11-17
688,Employee_688,Engineering,Junior,27,69883.18,30,3.14,9682.09,2016-11-18
689,Employee_689,Engineering,Manager,25,68457.64,34,3.47,1478.52,2016-11-19
690,Employee_690,Marketing,VP,41,42528.9,20,3.72,9408.76,2016-11-20
691,Employee_691,Finance,Junior,48,72804.61,30,3.67,1828.93,2016-11-21
692,Employee_692,HR,VP,36,84949.71,18,3.04,5674.43,2016-11-22
693,Employee_693,Operations,VP,27,67292.33,30,2.72,3770.08,2016-11-23
694,Employee_694,Engineering,Manager,35,83409.05,31,1.22,9649.29,2016-11-24
695,Employee_695,HR,Director,32,57712.18,1,1.09,2735.42,2016-11-25
696,Employee_696,Engineering,Senior,60,72181.44,9,2.43,3996.58,2016-11-26
697,Employee_697,Engineering,Director,30,81330.81,1,2.33,9828.6,2016-11-27
698,Employee_698,Engineering,Manager,47,78793.22,1,2.55,5364.7,2016-11-28
699,Employee_699,Operations,Manager,37,42890.7,23,1.55,5026.3,2016-11-29
700,Employee_700,Finance,Manager,26,66219.88,16,3.95,2577.78,2016-11-30
701,Employee_701,Operations,Junior,31,108549.26,31,4.43,7013.64,2016-12-01
702,Employee_702,Sales,Director,24,65151.08,15,4.75,143.73,2016-12-02
703,Employee_703,HR,Director,34,75316.15,15,2.97,495.13,2016-12-03
704,Employee_704,Finance,VP,64,73264.88,38,,5993.59,2016-12-04
705,Employee_705,Finance,VP,51,106364.8,30,4.42,3416.75,2016-12-05
706,Employee_706,Finance,VP,27,100807.36,23,2.67,9533.16,2016-12-06
707,Employee_707,Finance,Manager,38,91150.62,0,2.24,9031.91,2016-12-07
708,Employee_708,Operations,Director,40,55535.15,10,4.75,7137.06,2016-12-08
709,Employee_709,Finance,Manager,63,82183.66,20,3.06,8181.46,2016-12-09
710,Employee_710,Marketing,Junior,56,86358.83,3,2.99,6673.32,2016-12-10
711,Employee_711,HR,VP,47,61027.9,6,1.71,1255.82,2016-12-11
712,Employee_712,Finance,Manager,26,57589.66,25,1.43,7655.43,2016-12-12
713,Employee_713,HR,Manager,50,109100.28,11,4.37,2101.92,2016-12-13
714,Employee_714,Marketing,Junior,58,,30,3.46,3234.43,2016-12-14
715,Employee_715,Marketing,Senior,41,107299.54,16,,8192.34,2016-12-15
716,Employee_716,HR,Director,42,94941.88,32,1.77,5365.26,2016-12-16
717,Employee_717,Engineering,Senior,31,83157.54,10,3.22,8599.41,2016-12-17
718,Employee_718,Sales,VP,26,84050.63,27,3.34,2130.35,2016-12-18
719,Employee_719,Engineering,Manager,57,46991.61,31,1.83,6077.78,2016-12-19
720,Employee_720,Engineering,Junior,27,79135.5,0,4.41,837.91,2016-12-20
721,Employee_721,Operations,Junior,47,103340.41,27,1.34,6430.61,2016-12-21
722,Employee_722,Engineering,Director,25,88626.79,6,2.42,7625.34,2016-12-22
723,Employee_723,Finance,Senior,60,78086.73,1,3.72,5849.31,2016-12-23
724,Employee_724,Operations,Director,60,109238.74,23,2.1,2662.32,2016-12-24
725,Employee_725,Operations,Manager,56,71299.19,3,4.31,313.43,2016-12-25
726,Employee_726,Marketing,Director,22,62608.89,18,3.96,1194.49,2016-12-26
727,Employee_727,Engineering,Junior,45,78076.64,25,4.16,6223.03,2016-12-27
728,Employee_728,Marketing,Junior,57,90329.35,10,1.48,9344.2,2016-12-28
729,Employee_729,HR,VP,27,40644.12,39,,2065.34,2016-12-29
730,Employee_730,Sales,VP,62,80697.37,10,2.15,7350.26,2016-12-30
731,Employee_731,Operations,Manager,52,91206.9,2,3.07,8664.51,2016-12-31
732,Employee_732,HR,Senior,41,69607.17,11,3.99,5208.82,2017-01-01
733,Employee_733,HR,Director,45,97139.3,2,4.35,6692.66,2017-01-02
734,Employee_734,Finance,Manager,46,87823.73,26,3.82,8150.15,2017-01-03
735,Employee_735,Sales,VP,57,117827.66,1,4.71,2606.75,2017-01-04
736,Employee_736,HR,Director,42,59987.94,15,3.95,2968.96,2017-01-05
737,Employee_737,HR,VP,51,91614.2,1,2.23,6.28,2017-01-06
738,Employee_738,Sales,Director,45,54653.52,29,2.06,9630.94,2017-01-07
739,Employee_739,Sales,Senior,63,42692.67,19,3.78,9175.45,2017-01-08
740,Employee_740,HR,Manager,51,34289.38,37,1.77,7645.68,2017-01-09
741,Employee_741,Sales,Director,43,85766.48,27,1.37,790.76,2017-01-10
742,Employee_742,HR,Junior,49,78684.96,24,3.13,4475.03,2017-01-11
743,Employee_743,HR,Junior,28,65418.98,31,4.29,1018.92,2017-01-12
744,Employee_744,Finance,Director,56,39529.91,9,,159.2,2017-01-13
745,Employee_745,Engineering,Director,49,61192.27,39,4.17,6161.83,2017-01-14
746,Employee_746,HR,Director,35,,32,4.25,9608.29,2017-01-15
747,Employee_747,Marketing,Junior,31,90863.39,12,2.93,9028.68,2017-01-16
748,Employee_748,Operations,Junior,37,74669.28,36,1.23,6967.55,2017-01-17
749,Employee_749,Engineering,Director,37,80041.21,15,1.7,966.41,2017-01-18
750,Employee_750,Engineering,VP,52,67477.35,21,3.83,2741.64,2017-01-19
751,Employee_751,Engineering,VP,63,109984.48,19,3.85,3200.57,2017-01-20
752,Employee_752,Finance,Senior,46,54635.01,26,4.59,7631.5,2017-01-21
753,Employee_753,HR,Manager,34,61015.24,15,3.33,8022.49,2017-01-22
754,Employee_754,Finance,VP,27,65152.84,33,1.5,3851.06,2017-01-23
755,Employee_755,HR,Junior,30,85854.09,31,1.49,4178.84,2017-01-24
756,Employee_756,Finance,VP,57,54222.8,25,3.88,445.09,2017-01-25
757,Employee_757,Finance,Senior,64,77714.37,24,1.74,2891.37,2017-01-26
758,Employee_758,Operations,Senior,41,78298.2,1,2.31,4512.85,2017-01-27
759,Employee_759,Marketing,Manager,39,61112.84,11,2.95,1169.83,2017-01-28
760,Employee_760,Finance,VP,64,81599.59,39,1.1,4532.67,2017-01-29
761,Employee_761,Operations,Junior,42,54843.72,8,2.0,8531.76,2017-01-30
762,Employee_762,Sales,Junior,25,52658.52,11,2.63,5813.21,2017-01-31
763,Employee_763,Marketing,Director,54,76992.12,25,2.12,789.3,2017-02-01
764,Employee_764,Finance,Junior,48,41804.89,8,1.55,1916.71,2017-02-02
765,Employee_765,Engineering,Manager,28,,9,3.91,4745.44,2017-02-03
766,Employee_766,Sales,Manager,27,85656.67,31,4.25,3614.87,2017-02-04
767,Employee_767,Sales,Junior,36,95979.4,33,2.03,3587.27,2017-02-05
768,Employee_768,Operations,Junior,39,65663.94,19,4.1,5292.67,2017-02-06
769,Employee_769,Sales,Director,53,61638.59,38,2.54,5843.96,2017-02-07
770,Employee_770,Marketing,Junior,32,95110.7,1,3.03,7968.62,2017-02-08
771,Employee_771,Finance,Director,41,52089.24,0,4.42,3409.67,2017-02-09
772,Employee_772,Finance,Director,45,47732.55,35,4.0,8054.66,2017-02-10
773,Employee_773,Engineering,Junior,36,89152.73,23,4.22,3386.11,2017-02-11
774,Employee_774,Operations,Senior,28,75180.76,26,1.55,554.33,2017-02-12
775,Employee_775,Engineering,Senior,42,96297.53,1,1.28,5541.88,2017-02-13
776,Employee_776,Sales,Director,63,32194.68,30,4.57,5879.02,2017-02-14
777,Employee_777,Engineering,Junior,47,46986.52,13,2.55,9345.4,2017-02-15
778,Employee_778,Marketing,Senior,35,75286.64,1,2.15,7260.61,2017-02-16
779,Employee_779,Finance,Junior,58,,28,3.9,9177.73,2017-02-17
780,Employee_780,Sales,Junior,42,91939.94,14,4.35,9083.47,2017-02-18
781,Employee_781,Engineering,Junior,39,78496.36,11,4.45,6045.74,2017-02-19
782,Employee_782,Operations,VP,26,78293.1,36,2.26,5277.62,2017-02-20
783,Employee_783,Marketing,Junior,24,67211.97,27,4.41,5574.41,2017-02-21
784,Employee_784,Marketing,VP,44,106818.1,19,1.16,9783.31,2017-02-22
785,Employee_785,Engineering,Director,47,52939.53,38,1.2,7731.68,2017-02-23
786,Employee_786,Finance,Senior,58,82180.4,23,3.49,1062.66,2017-02-24
787,Employee_787,Engineering,Senior,45,55243.82,20,1.25,7784.28,2017-02-25
788,Employee_788,Sales,Senior,40,85695.57,9,2.3,1705.38,2017-02-26
789,Employee_789,Engineering,Senior,46,54259.65,13,3.69,4473.51,2017-02-27
790,Employee_790,Marketing,Senior,42,89876.31,36,2.35,2104.6,2017-02-28
791,Employee_791,Engineering,Senior,33,77242.1,17,1.72,6895.83,2017-03-01
792,Employee_792,Finance,Senior,62,109892.78,23,2.13,8773.1,2017-03-02
793,Employee_793,Operations,Director,54,69379.61,13,2.83,2903.62,2017-03-03
794,Employee_794,HR,Junior,25,83499.32,33,2.9,820.11,2017-03-04
795,Employee_795,Engineering,Manager,63,,11,4.13,2984.93,2017-03-05
796,Employee_796,Finance,VP,28,69242.14,21,4.0,6723.62,2017-03-06
797,Employee_797,Finance,Manager,43,,5,2.83,3287.6,2017-03-07
798,Employee_798,Operations,Manager,54,44455.6,35,,2781.12,2017-03-08
799,Employee_799,Marketing,Junior,38,46647.52,35,1.46,1844.35,2017-03-09
800,Employee_800,Finance,Junior,45,86997.19,21,2.02,4975.16,2017-03-10
801,Employee_801,Finance,Junior,55,72078.26,13,4.31,2759.49,2017-03-11
802,Employee_802,Finance,Senior,49,,15,2.51,7310.1,2017-03-12
803,Employee_803,Finance,Director,64,60260.28,35,4.92,766.22,2017-03-13
804,Employee_804,Sales,Senior,62,61030.22,24,2.87,6640.33,2017-03-14
805,Employee_805,Sales,Director,60,77251.01,31,4.17,2375.6,2017-03-15
806,Employee_806,Marketing,Director,43,83900.72,32,2.61,4892.79,2017-03-16
807,Employee_807,Engineering,Manager,38,33157.86,35,2.7,2860.9,2017-03-17
808,Employee_808,Finance,Manager,55,103256.68,19,2.53,7227.69,2017-03-18
809,Employee_809,Operations,Director,27,101834.02,17,3.88,9453.07,2017-03-19
810,Employee_810,Engineering,Director,27,28386.9,37,3.19,9170.77,2017-03-20
811,Employee_811,Operations,Senior,55,96718.53,2,4.78,5834.26,2017-03-21
812,Employee_812,Engineering,Senior,22,96104.38,22,2.0,4626.1,2017-03-22
813,Employee_813,Marketing,Manager,31,75008.91,31,1.4,8183.01,2017-03-23
814,Employee_814,Finance,Junior,42,49056.63,15,2.57,6833.26,2017-03-24
815,Employee_815,Finance,Director,26,95304.56,4,3.47,1835.64,2017-03-25
816,Employee_816,HR,Senior,23,70175.38,3,4.44,8209.19,2017-03-26
817,Employee_817,Operations,Manager,43,,20,2.38,4288.84,2017-03-27
818,Employee_818,Engineering,Senior,23,119384.03,39,3.62,1889.86,2017-03-28
819,Employee_819,Engineering,Director,31,80036.74,13,2.4,2817.97,2017-03-29
820,Employee_820,Sales,Director,55,56662.31,38,3.47,2675.27,2017-03-30
821,Employee_821,HR,VP,37,68285.38,30,4.54,5192.07,2017-03-31
822,Employee_822,Sales,Junior,60,59211.09,13,1.93,2343.7,2017-04-01
823,Employee_823,Sales,VP,43,83669.79,5,2.62,1235.66,2017-04-02
824,Employee_824,Sales,Manager,33,58878.65,11,4.97,1236.91,2017-04-03
825,Employee_825,Operations,Senior,45,65542.97,15,4.47,5832.76,2017-04-04
826,Employee_826,Operations,Manager,61,49311.39,16,3.26,7347.59,2017-04-05
827,Employee_827,Marketing,Director,59,72358.26,22,3.07,3215.33,2017-04-06
828,Employee_828,Marketing,VP,31,78535.1,13,2.14,346.51,2017-04-07
829,Employee_829,Sales,VP,56,21304.24,6,3.07,1272.25,2017-04-08
830,Employee_830,HR,VP,53,80191.47,31,4.39,9146.95,2017-04-09
831,Employee_831,Engineering,Manager,28,74086.0,14,3.74,4935.44,2017-04-10
832,Employee_832,Operations,Director,42,59700.16,16,2.16,4535.73,2017-04-11
833,Employee_833,HR,Senior,41,115572.58,33,1.81,380.49,2017-04-12
834,Employee_834,Finance,Senior,47,94169.53,4,2.06,7286.37,2017-04-13
835,Employee_835,Operations,Manager,25,53071.95,26,1.68,5280.68,2017-04-14
836,Employee_836,Operations,VP,43,91764.74,22,1.38,2020.81,2017-04-15
837,Employee_837,Marketing,Junior,36,99889.96,39,2.68,1100.74,2017-04-16
838,Employee_838,Engineering,Manager,61,77640.42,13,1.45,3833.88,2017-04-17
839,Employee_839,Engineering,Manager,42,82228.84,14,1.69,8371.62,2017-04-18
840,Employee_840,Finance,Director,36,81766.93,32,3.19,8652.95,2017-04-19
841,Employee_841,Finance,Senior,43,33283.68,30,1.66,6028.46,2017-04-20
842,Employee_842,Operations,Manager,49,71262.61,34,,7275.36,2017-04-21
843,Employee_843,Sales,Manager,35,70221.74,16,2.27,1151.56,2017-04-22
844,Employee_844,Marketing,VP,48,,27,1.88,5881.26,2017-04-23
845,Employee_845,Marketing,VP,62,81674.56,18,3.06,6669.66,2017-04-24
846,Employee_846,Operations,Junior,61,69047.78,22,1.41,2007.13,2017-04-25
847,Employee_847,HR,Director,49,73197.51,31,4.01,8801.55,2017-04-26
848,Employee_848,Sales,Junior,47,95467.71,39,4.62,1949.97,2017-04-27
849,Employee_849,Operations,VP,23,71308.31,12,,3134.77,2017-04-28
850,Employee_850,Sales,Senior,46,61036.09,19,3.13,6205.57,2017-04-29
851,Employee_851,Sales,VP,24,69485.96,34,4.44,6383.5,2017-04-30
852,Employee_852,Sales,Director,29,93813.92,4,3.78,6993.85,2017-05-01
853,Employee_853,Operations,VP,54,84923.3,8,1.04,1120.12,2017-05-02
854,Employee_854,Marketing,Director,63,75885.36,28,2.58,8494.64,2017-05-03
855,Employee_855,Marketing,Director,56,78830.79,5,4.4,5328.47,2017-05-04
856,Employee_856,Sales,Director,27,63805.15,24,2.38,4713.22,2017-05-05
857,Employee_857,HR,Director,60,71121.01,30,1.14,9810.98,2017-05-06
858,Employee_858,Engineering,Director,44,61733.91,21,3.98,7403.78,2017-05-07
859,Employee_859,Operations,Senior,46,69104.41,1,4.21,1180.06,2017-05-08
860,Employee_860,Engineering,Junior,64,101923.57,4,1.64,7565.39,2017-05-09
861,Employee_861,HR,Manager,40,53442.56,26,3.15,952.49,2017-05-10
862,Employee_862,Operations,Junior,26,61225.65,24,1.77,274.71,2017-05-11
863,Employee_863,Sales,Director,32,49914.02,7,3.88,4036.26,2017-05-12
864,Employee_864,Marketing,Senior,33,45581.82,0,2.09,9935.78,2017-05-13
865,Employee_865,Engineering,VP,31,71264.56,19,2.26,1748.84,2017-05-14
866,Employee_866,Finance,Senior,29,62647.82,22,4.38,6726.44,2017-05-15
867,Employee_867,Finance,Director,45,110233.78,31,2.91,1733.96,2017-05-16
868,Employee_868,HR,Senior,49,69343.07,10,3.68,7247.87,2017-05-17
869,Employee_869,Sales,Senior,62,100787.94,38,2.61,5053.54,2017-05-18
870,Employee_870,Engineering,Director,57,94360.13,23,2.19,6799.72,2017-05-19
871,Employee_871,Sales,Senior,58,70820.92,10,3.5,2028.73,2017-05-20
872,Employee_872,Engineering,Manager,42,117202.71,28,1.62,7456.28,2017-05-21
873,Employee_873,HR,Manager,29,80370.68,25,2.49,9956.19,2017-05-22
874,Employee_874,HR,Senior,30,105260.19,15,1.84,6656.51,2017-05-23
875,Employee_875,Finance,VP,36,102931.94,34,3.78,4934.8,2017-05-24
876,Employee_876,Sales,Director,61,83292.96,19,4.78,9231.74,2017-05-25
877,Employee_877,Operations,Manager,39,90022.62,2,4.98,158.52,2017-05-26
878,Employee_878,Finance,VP,63,87481.43,0,2.8,7299.24,2017-05-27
879,Employee_879,Sales,Senior,41,52114.77,0,2.01,8887.47,2017-05-28
880,Employee_880,Finance,VP,27,76145.81,16,2.77,616.75,2017-05-29
881,Employee_881,Operations,Junior,33,96484.94,1,4.39,4500.64,2017-05-30
882,Employee_882,Marketing,Manager,23,105523.73,28,1.82,2047.19,2017-05-31
883,Employee_883,Marketing,Senior,28,60587.21,19,4.81,5665.18,2017-06-01
884,Employee_884,Marketing,Director,37,85576.63,5,2.37,6495.43,2017-06-02
885,Employee_885,Marketing,Senior,24,78017.4,7,4.94,3026.23,2017-06-03
886,Employee_886,Engineering,Director,24,72642.52,28,,4599.82,2017-06-04
887,Employee_887,Marketing,Senior,48,82120.05,32,4.23,2793.39,2017-06-05
888,Employee_888,Operations,VP,64,79359.95,2,2.27,3693.91,2017-06-06
889,Employee_889,HR,VP,61,85828.15,34,1.04,1595.4,2017-06-07
890,Employee_890,HR,VP,59,103834.34,4,2.53,8855.59,2017-06-08
891,Employee_891,Engineering,Junior,54,90682.55,26,2.21,100.1,2017-06-09
892,Employee_892,Marketing,Director,49,81211.83,11,1.15,8824.09,2017-06-10
893,Employee_893,Marketing,VP,22,112292.5,19,3.02,5716.79,2017-06-11
894,Employee_894,Marketing,Junior,29,97198.59,19,2.61,3316.58,2017-06-12
895,Employee_895,Finance,Director,58,73152.03,8,3.54,7230.57,2017-06-13
896,Employee_896,Sales,Senior,53,50657.59,38,3.48,5077.52,2017-06-14
897,Employee_897,Finance,Junior,64,55243.39,3,1.48,4991.09,2017-06-15
898,Employee_898,Sales,Manager,58,93664.65,18,4.91,1101.42,2017-06-16
899,Employee_899,Marketing,Junior,25,62393.75,37,1.75,3895.16,2017-06-17
900,Employee_900,Marketing,Junior,51,54838.89,26,2.78,2410.64,2017-06-18
901,Employee_901,Finance,Director,27,59838.29,12,2.95,156.96,2017-06-19
902,Employee_902,Finance,Senior,40,61252.31,12,4.25,3601.0,2017-06-20
903,Employee_903,Sales,Manager,53,92012.95,21,1.4,898.22,2017-06-21
904,Employee_904,HR,VP,30,71865.16,27,2.71,2568.3,2017-06-22
905,Employee_905,Sales,VP,33,47552.51,21,3.51,925.17,2017-06-23
906,Employee_906,Finance,Junior,32,75620.9,18,1.86,1009.42,2017-06-24
907,Employee_907,Operations,Director,37,79445.32,7,3.51,1990.11,2017-06-25
908,Employee_908,Finance,Director,22,65413.26,7,4.69,9998.49,2017-06-26
909,Employee_909,Operations,VP,42,98117.7,25,4.99,21.84,2017-06-27
910,Employee_910,Engineering,Manager,51,66581.22,25,1.13,6386.73,2017-06-28
911,Employee_911,Finance,Senior,34,97166.75,22,1.94,1412.44,2017-06-29
912,Employee_912,Engineering,Manager,55,86935.66,12,2.24,9206.28,2017-06-30
913,Employee_913,HR,Senior,25,93532.11,27,2.6,936.33,2017-07-01
914,Employee_914,Sales,VP,49,53028.98,8,1.97,9550.63,2017-07-02
915,Employee_915,Operations,Senior,59,76966.2,19,1.81,6109.26,2017-07-03
916,Employee_916,Sales,Director,52,73943.44,18,4.82,12.68,2017-07-04
917,Employee_917,Engineering,Junior,48,46559.87,38,4.67,8940.07,2017-07-05
918,Employee_918,Operations,Junior,26,97101.21,11,1.19,5217.12,2017-07-06
919,Employee_919,Sales,VP,46,58651.98,14,2.36,2626.7,2017-07-07
920,Employee_920,Finance,Director,24,62808.64,30,2.62,7672.79,2017-07-08
921,Employee_921,Marketing,Manager,54,,13,1.96,9266.66,2017-07-09
922,Employee_922,Engineering,Director,25,89023.73,10,3.52,4836.91,2017-07-10
923,Employee_923,Sales,Junior,46,44481.41,25,3.56,3155.53,2017-07-11
924,Employee_924,Engineering,Junior,41,87357.5,26,4.4,7889.45,2017-07-12
925,Employee_925,Engineering,Director,55,95890.28,10,3.96,6817.85,2017-07-13
926,Employee_926,Operations,Director,47,85743.57,37,3.17,8887.52,2017-07-14
927,Employee_927,Operations,Junior,26,89252.57,33,3.61,6925.14,2017-07-15
928,Employee_928,Marketing,Manager,56,90190.93,18,2.1,2435.28,2017-07-16
929,Employee_929,Finance,VP,49,56011.51,5,3.37,9316.59,2017-07-17
930,Employee_930,Engineering,VP,50,103694.7,37,2.96,1048.36,2017-07-18
931,Employee_931,Sales,Director,30,65798.47,27,1.53,2679.43,2017-07-19
932,Employee_932,HR,VP,59,,0,1.97,5201.95,2017-07-20
933,Employee_933,Engineering,Junior,27,68347.25,34,2.17,5657.42,2017-07-21
934,Employee_934,Engineering,Junior,40,84830.84,39,4.7,153.11,2017-07-22
935,Employee_935,Marketing,Director,32,64239.26,7,1.92,7805.73,2017-07-23
936,Employee_936,Finance,Director,23,76338.31,6,,3616.07,2017-07-24
937,Employee_937,HR,Director,30,50293.12,10,2.48,4064.19,2017-07-25
938,Employee_938,Operations,Manager,42,98293.3,38,3.65,8093.7,2017-07-26
939,Employee_939,Operations,VP,45,88414.82,3,1.47,3792.83,2017-07-27
940,Employee_940,Sales,Director,55,69154.8,24,4.82,472.25,2017-07-28
941,Employee_941,HR,Senior,43,65617.02,11,4.46,1764.4,2017-07-29
942,Employee_942,Operations,Senior,24,87892.56,25,3.31,9559.03,2017-07-30
943,Employee_943,Sales,Junior,33,60854.13,37,3.7,704.05,2017-07-31
944,Employee_944,Finance,VP,49,77507.31,11,1.07,3549.31,2017-08-01
945,Employee_945,Sales,Director,51,98227.98,36,2.36,5031.79,2017-08-02
946,Employee_946,Operations,Senior,47,58774.86,23,4.18,4932.81,2017-08-03
947,Employee_947,Marketing,VP,42,82372.02,15,1.31,39.6,2017-08-04
948,Employee_948,Marketing,Junior,49,81314.51,12,2.13,5011.63,2017-08-05
949,Employee_949,Marketing,Manager,47,73053.26,24,3.34,3837.72,2017-08-06
950,Employee_950,Operations,VP,54,64924.21,3,2.03,9720.79,2017-08-07
951,Employee_951,Marketing,VP,42,99295.94,10,4.74,1591.59,2017-08-08
952,Employee_952,HR,Manager,56,63048.63,31,1.52,3541.54,2017-08-09
953,Employee_953,Finance,VP,55,38759.22,6,4.19,4194.81,2017-08-10
954,Employee_954,Sales,Junior,62,87810.67,10,3.03,3906.94,2017-08-11
955,Employee_955,Sales,Junior,39,50973.93,27,4.0,6658.31,2017-08-12
956,Employee_956,Operations,Manager,32,88837.62,22,2.24,2155.13,2017-08-13
957,Employee_957,Marketing,Director,44,101698.06,22,3.06,2210.72,2017-08-14
958,Employee_958,Marketing,Senior,43,87595.0,27,4.43,7292.11,2017-08-15
959,Employee_959,Engineering,Director,38,96428.23,25,2.87,5002.91,2017-08-16
960,Employee_960,Finance,VP,26,115400.98,24,2.44,4151.56,2017-08-17
961,Employee_961,HR,Senior,32,94335.21,28,3.14,1692.03,2017-08-18
962,Employee_962,Sales,Manager,51,81611.47,18,3.87,1875.27,2017-08-19
963,Employee_963,Engineering,Manager,36,107678.96,32,2.77,105.52,2017-08-20
964,Employee_964,Engineering,Senior,48,110095.51,35,4.76,914.26,2017-08-21
965,Employee_965,Operations,Junior,56,110375.44,13,2.18,5568.39,2017-08-22
966,Employee_966,Sales,Senior,54,65157.13,13,2.9,8918.73,2017-08-23
967,Employee_967,Operations,VP,41,47919.63,34,4.03,2871.65,2017-08-24
968,Employee_968,HR,Junior,37,63936.16,29,3.76,3277.47,2017-08-25
969,Employee_969,Engineering,Manager,55,89072.83,27,4.45,1156.06,2017-08-26
970,Employee_970,Engineering,Senior,23,78183.18,16,4.99,3886.31,2017-08-27
971,Employee_971,Finance,Director,56,70870.38,2,2.71,372.22,2017-08-28
972,Employee_972,HR,Director,61,86209.63,15,1.44,9176.01,2017-08-29
973,Employee_973,Engineering,VP,49,45583.9,29,1.12,6731.11,2017-08-30
974,Employee_974,HR,Director,60,77823.39,28,3.91,9907.49,2017-08-31
975,Employee_975,Sales,Senior,27,97369.15,14,4.5,8828.23,2017-09-01
976,Employee_976,Marketing,Senior,30,85986.31,24,1.88,4729.91,2017-09-02
977,Employee_977,Engineering,Director,41,88836.2,37,1.63,5196.85,2017-09-03
978,Employee_978,Finance,Senior,22,,37,1.25,1905.76,2017-09-04
979,Employee_979,Sales,VP,29,73677.13,22,4.29,4620.39,2017-09-05
980,Employee_980,HR,Junior,44,61938.17,24,2.25,9030.28,2017-09-06
981,Employee_981,Operations,VP,24,98790.3,6,,508.53,2017-09-07
982,Employee_982,Sales,VP,25,98422.41,21,3.01,8635.57,2017-09-08
983,Employee_983,Engineering,Senior,46,86165.83,16,4.36,3409.48,2017-09-09
984,Employee_984,HR,Junior,59,71792.58,17,3.6,8995.13,2017-09-10
985,Employee_985,Marketing,Senior,36,75027.59,9,3.46,9408.8,2017-09-11
986,Employee_986,Sales,Manager,42,49464.54,9,,6708.65,2017-09-12
987,Employee_987,Engineering,Senior,56,97258.93,6,3.05,6644.24,2017-09-13
988,Employee_988,Finance,Senior,35,96553.03,37,3.86,4527.54,2017-09-14
989,Employee_989,Operations,Senior,57,48766.34,26,,8355.4,2017-09-15
990,Employee_990,HR,Junior,33,92352.64,32,1.81,9616.13,2017-09-16
991,Employee_991,Sales,Senior,38,83082.03,0,1.04,7750.82,2017-09-17
992,Employee_992,Sales,Junior,60,54560.52,33,1.3,6219.37,2017-09-18
993,Employee_993,Marketing,Director,30,50880.0,3,2.5,6067.93,2017-09-19
994,Employee_994,Marketing,Manager,56,82469.87,16,4.28,8494.7,2017-09-20
995,Employee_995,Finance,Junior,34,67045.92,3,,5412.04,2017-09-21
996,Employee_996,Operations,Director,36,111398.98,25,2.83,8038.6,2017-09-22
997,Employee_997,Finance,Junior,39,94051.97,3,2.32,5088.85,2017-09-23
998,Employee_998,Engineering,Junior,54,84473.86,0,1.21,624.44,2017-09-24
999,Employee_999,Engineering,Manager,27,85461.58,6,2.8,3839.47,2017-09-25
1000,Employee_1000,Finance,VP,48,101617.34,29,2.02,4444.41,2017-09-26
