product_id,product_name,category,supplier,cost_price,selling_price,stock_quantity,reorder_level,weight_kg,last_updated
1,Product_1,Home,Supplier_12,447.66,919.52,736,47,1.03,2023-12-01 00:00:00
2,Product_2,Clothing,Supplier_6,281.64,639.32,998,76,17.91,2023-12-01 01:00:00
3,Product_3,Toys,Supplier_20,140.6,237.18,727,29,44.01,2023-12-01 02:00:00
4,Product_4,Beauty,Supplier_9,945.5,2261.46,138,28,4.13,2023-12-01 03:00:00
5,Product_5,Electronics,Supplier_8,140.32,227.54,617,22,9.91,2023-12-01 04:00:00
6,Product_6,Beauty,Supplier_14,357.26,675.26,98,26,48.94,2023-12-01 05:00:00
7,Product_7,Home,Supplier_15,311.82,763.89,679,87,42.38,2023-12-01 06:00:00
8,Product_8,Clothing,Supplier_5,867.67,2099.47,960,39,45.61,2023-12-01 07:00:00
9,Product_9,Books,Supplier_15,415.96,875.37,263,95,7.19,2023-12-01 08:00:00
10,Product_10,Books,Supplier_6,132.8,215.39,598,52,10.64,2023-12-01 09:00:00
11,Product_11,Beauty,Supplier_1,20.16,29.93,595,57,30.31,2023-12-01 10:00:00
12,Product_12,Electronics,Supplier_20,724.73,945.18,223,52,25.14,2023-12-01 11:00:00
13,Product_13,Toys,Supplier_9,717.36,1521.7,10,75,15.0,2023-12-01 12:00:00
14,Product_14,Sports,Supplier_4,423.61,785.58,326,62,44.2,2023-12-01 13:00:00
15,Product_15,Home,Supplier_2,135.04,262.51,697,81,45.08,2023-12-01 14:00:00
16,Product_16,Beauty,Supplier_6,377.92,685.59,349,87,14.66,2023-12-01 15:00:00
17,Product_17,Books,Supplier_2,593.98,1085.69,378,43,7.87,2023-12-01 16:00:00
18,Product_18,Books,Supplier_3,706.9,1373.26,943,86,7.54,2023-12-01 17:00:00
19,Product_19,Electronics,Supplier_7,87.46,208.9,230,83,24.27,2023-12-01 18:00:00
20,Product_20,Books,Supplier_20,560.74,694.29,140,81,6.73,2023-12-01 19:00:00
21,Product_21,Home,Supplier_17,283.36,635.33,617,80,23.72,2023-12-01 20:00:00
22,Product_22,Electronics,Supplier_9,621.09,1060.62,764,22,23.15,2023-12-01 21:00:00
23,Product_23,Clothing,Supplier_9,651.66,1413.06,955,99,44.22,2023-12-01 22:00:00
24,Product_24,Electronics,Supplier_19,911.5,2217.76,48,65,14.88,2023-12-01 23:00:00
25,Product_25,Toys,Supplier_5,416.27,665.27,450,68,28.08,2023-12-02 00:00:00
26,Product_26,Home,Supplier_6,542.21,713.78,774,41,37.2,2023-12-02 01:00:00
27,Product_27,Toys,Supplier_18,275.53,413.84,490,92,29.84,2023-12-02 02:00:00
28,Product_28,Home,Supplier_1,293.69,437.22,204,88,47.71,2023-12-02 03:00:00
29,Product_29,Clothing,Supplier_17,55.57,120.28,868,63,30.15,2023-12-02 04:00:00
30,Product_30,Beauty,Supplier_14,293.21,375.43,408,11,45.1,2023-12-02 05:00:00
31,Product_31,Electronics,Supplier_15,73.19,92.67,406,46,12.33,2023-12-02 06:00:00
32,Product_32,Home,Supplier_5,964.28,2026.62,50,92,28.08,2023-12-02 07:00:00
33,Product_33,Home,Supplier_17,628.02,1208.14,174,42,27.21,2023-12-02 08:00:00
34,Product_34,Clothing,Supplier_11,181.42,316.23,736,10,49.47,2023-12-02 09:00:00
35,Product_35,Sports,Supplier_10,125.6,244.67,260,37,10.3,2023-12-02 10:00:00
36,Product_36,Electronics,Supplier_17,376.42,811.49,479,26,7.14,2023-12-02 11:00:00
37,Product_37,Home,Supplier_1,314.57,419.8,733,66,30.62,2023-12-02 12:00:00
38,Product_38,Books,Supplier_5,286.46,549.79,222,79,11.26,2023-12-02 13:00:00
39,Product_39,Clothing,Supplier_16,473.51,1075.69,268,61,31.99,2023-12-02 14:00:00
40,Product_40,Sports,Supplier_7,913.75,1527.02,809,53,48.63,2023-12-02 15:00:00
41,Product_41,Sports,Supplier_12,572.37,1254.59,892,93,47.33,2023-12-02 16:00:00
42,Product_42,Clothing,Supplier_8,526.02,1209.34,900,56,11.63,2023-12-02 17:00:00
43,Product_43,Sports,Supplier_18,808.48,1832.99,918,22,8.63,2023-12-02 18:00:00
44,Product_44,Home,Supplier_1,13.98,28.6,317,85,28.08,2023-12-02 19:00:00
45,Product_45,Sports,Supplier_20,205.41,438.05,384,39,29.38,2023-12-02 20:00:00
46,Product_46,Electronics,Supplier_12,501.22,1114.7,585,94,33.15,2023-12-02 21:00:00
47,Product_47,Books,Supplier_4,708.26,1525.47,625,75,37.1,2023-12-02 22:00:00
48,Product_48,Home,Supplier_12,490.18,876.04,218,62,30.09,2023-12-02 23:00:00
49,Product_49,Clothing,Supplier_1,172.08,242.09,53,27,5.68,2023-12-03 00:00:00
50,Product_50,Books,Supplier_1,930.68,1491.55,199,37,39.53,2023-12-03 01:00:00
51,Product_51,Beauty,Supplier_3,335.38,492.81,883,13,4.07,2023-12-03 02:00:00
52,Product_52,Home,Supplier_12,790.33,1319.75,642,51,1.1,2023-12-03 03:00:00
53,Product_53,Books,Supplier_13,892.5,1638.75,338,15,38.51,2023-12-03 04:00:00
54,Product_54,Sports,Supplier_13,352.98,863.66,703,18,27.46,2023-12-03 05:00:00
55,Product_55,Beauty,Supplier_9,846.86,2072.52,690,29,34.96,2023-12-03 06:00:00
56,Product_56,Clothing,Supplier_18,713.67,1570.41,897,47,19.2,2023-12-03 07:00:00
57,Product_57,Clothing,Supplier_1,905.24,2239.73,304,77,0.65,2023-12-03 08:00:00
58,Product_58,Electronics,Supplier_6,258.8,646.33,798,59,16.62,2023-12-03 09:00:00
59,Product_59,Sports,Supplier_5,931.96,2190.88,751,69,30.45,2023-12-03 10:00:00
60,Product_60,Electronics,Supplier_4,74.65,97.3,244,22,11.36,2023-12-03 11:00:00
61,Product_61,Electronics,Supplier_6,795.73,1395.6,841,51,34.42,2023-12-03 12:00:00
62,Product_62,Sports,Supplier_3,441.31,836.0,628,77,39.74,2023-12-03 13:00:00
63,Product_63,Home,Supplier_17,186.11,253.35,207,34,22.77,2023-12-03 14:00:00
64,Product_64,Beauty,Supplier_11,88.61,199.48,996,40,43.8,2023-12-03 15:00:00
65,Product_65,Toys,Supplier_4,395.65,551.25,723,21,42.76,2023-12-03 16:00:00
66,Product_66,Electronics,Supplier_20,395.43,671.57,510,73,43.92,2023-12-03 17:00:00
67,Product_67,Books,Supplier_1,237.66,306.48,258,88,33.09,2023-12-03 18:00:00
68,Product_68,Beauty,Supplier_4,223.36,420.36,379,70,15.31,2023-12-03 19:00:00
69,Product_69,Home,Supplier_3,405.52,801.37,162,62,24.11,2023-12-03 20:00:00
70,Product_70,Sports,Supplier_10,416.01,896.81,737,35,35.55,2023-12-03 21:00:00
71,Product_71,Clothing,Supplier_1,447.94,735.2,340,70,10.61,2023-12-03 22:00:00
72,Product_72,Home,Supplier_4,870.07,1712.03,931,19,36.97,2023-12-03 23:00:00
73,Product_73,Electronics,Supplier_19,615.14,1325.25,575,21,27.45,2023-12-04 00:00:00
74,Product_74,Books,Supplier_1,30.23,66.22,927,31,4.89,2023-12-04 01:00:00
75,Product_75,Beauty,Supplier_16,523.91,834.14,757,62,27.91,2023-12-04 02:00:00
76,Product_76,Sports,Supplier_19,764.83,985.11,529,30,3.43,2023-12-04 03:00:00
77,Product_77,Clothing,Supplier_20,65.85,82.24,33,44,0.81,2023-12-04 04:00:00
78,Product_78,Beauty,Supplier_18,428.38,941.78,823,80,44.49,2023-12-04 05:00:00
79,Product_79,Books,Supplier_2,456.7,776.88,997,91,24.55,2023-12-04 06:00:00
80,Product_80,Toys,Supplier_6,954.48,1311.58,322,36,27.21,2023-12-04 07:00:00
81,Product_81,Clothing,Supplier_1,480.93,692.46,180,69,14.07,2023-12-04 08:00:00
82,Product_82,Sports,Supplier_19,752.4,1652.27,962,56,27.18,2023-12-04 09:00:00
83,Product_83,Beauty,Supplier_5,309.87,613.1,346,75,8.53,2023-12-04 10:00:00
84,Product_84,Home,Supplier_2,781.51,1447.22,705,24,37.31,2023-12-04 11:00:00
85,Product_85,Electronics,Supplier_1,329.44,662.14,191,33,41.19,2023-12-04 12:00:00
86,Product_86,Sports,Supplier_16,435.72,600.75,578,93,42.81,2023-12-04 13:00:00
87,Product_87,Books,Supplier_2,484.69,782.66,720,19,5.42,2023-12-04 14:00:00
88,Product_88,Home,Supplier_4,927.1,1563.35,877,97,27.93,2023-12-04 15:00:00
89,Product_89,Beauty,Supplier_3,62.92,101.23,678,33,40.46,2023-12-04 16:00:00
90,Product_90,Clothing,Supplier_17,204.9,476.13,245,97,6.5,2023-12-04 17:00:00
91,Product_91,Home,Supplier_15,708.69,1386.09,244,66,5.07,2023-12-04 18:00:00
92,Product_92,Home,Supplier_10,581.8,1249.77,677,43,40.87,2023-12-04 19:00:00
93,Product_93,Books,Supplier_12,259.02,390.53,807,50,39.86,2023-12-04 20:00:00
94,Product_94,Electronics,Supplier_12,296.31,457.29,914,49,22.49,2023-12-04 21:00:00
95,Product_95,Toys,Supplier_20,373.64,557.82,722,20,5.57,2023-12-04 22:00:00
96,Product_96,Home,Supplier_7,455.84,954.7,132,99,25.85,2023-12-04 23:00:00
97,Product_97,Home,Supplier_10,819.85,1355.83,196,10,19.8,2023-12-05 00:00:00
98,Product_98,Electronics,Supplier_5,23.68,40.89,909,39,25.98,2023-12-05 01:00:00
99,Product_99,Electronics,Supplier_20,899.04,1907.64,346,52,22.05,2023-12-05 02:00:00
100,Product_100,Clothing,Supplier_20,418.9,1031.89,48,91,28.47,2023-12-05 03:00:00
101,Product_101,Beauty,Supplier_11,238.19,335.95,63,35,36.38,2023-12-05 04:00:00
102,Product_102,Clothing,Supplier_2,513.33,657.82,623,62,38.77,2023-12-05 05:00:00
103,Product_103,Electronics,Supplier_16,663.07,963.64,867,56,32.48,2023-12-05 06:00:00
104,Product_104,Toys,Supplier_12,54.3,117.04,696,18,10.03,2023-12-05 07:00:00
105,Product_105,Sports,Supplier_16,718.62,1044.17,103,18,19.92,2023-12-05 08:00:00
106,Product_106,Electronics,Supplier_4,763.15,1495.51,930,10,3.65,2023-12-05 09:00:00
107,Product_107,Clothing,Supplier_2,174.52,343.35,212,80,22.64,2023-12-05 10:00:00
108,Product_108,Books,Supplier_10,176.2,278.88,516,53,48.52,2023-12-05 11:00:00
109,Product_109,Books,Supplier_13,211.75,273.02,118,68,32.12,2023-12-05 12:00:00
110,Product_110,Beauty,Supplier_19,798.66,1372.87,855,65,7.82,2023-12-05 13:00:00
111,Product_111,Home,Supplier_15,279.28,402.95,760,60,13.5,2023-12-05 14:00:00
112,Product_112,Toys,Supplier_1,797.98,1148.94,678,25,3.32,2023-12-05 15:00:00
113,Product_113,Books,Supplier_17,545.12,1024.48,894,47,9.2,2023-12-05 16:00:00
114,Product_114,Clothing,Supplier_20,769.5,1596.76,241,20,24.44,2023-12-05 17:00:00
115,Product_115,Books,Supplier_4,558.14,724.49,279,34,17.31,2023-12-05 18:00:00
116,Product_116,Toys,Supplier_20,342.41,668.32,423,92,10.28,2023-12-05 19:00:00
117,Product_117,Toys,Supplier_9,911.61,1385.7,362,91,7.42,2023-12-05 20:00:00
118,Product_118,Sports,Supplier_6,718.14,1490.35,749,68,32.84,2023-12-05 21:00:00
119,Product_119,Electronics,Supplier_3,489.21,1102.33,305,38,27.95,2023-12-05 22:00:00
120,Product_120,Electronics,Supplier_2,641.05,1441.8,716,89,42.15,2023-12-05 23:00:00
121,Product_121,Clothing,Supplier_18,619.68,1041.57,485,49,9.24,2023-12-06 00:00:00
122,Product_122,Home,Supplier_19,364.54,706.28,313,17,42.41,2023-12-06 01:00:00
123,Product_123,Toys,Supplier_7,429.53,958.63,512,15,28.94,2023-12-06 02:00:00
124,Product_124,Electronics,Supplier_3,325.07,415.78,682,54,13.38,2023-12-06 03:00:00
125,Product_125,Books,Supplier_18,999.52,1986.36,166,62,13.75,2023-12-06 04:00:00
126,Product_126,Toys,Supplier_20,584.26,1336.48,393,30,19.58,2023-12-06 05:00:00
127,Product_127,Sports,Supplier_20,101.13,170.31,769,66,23.06,2023-12-06 06:00:00
128,Product_128,Home,Supplier_19,523.92,938.88,62,85,4.22,2023-12-06 07:00:00
129,Product_129,Home,Supplier_9,59.46,125.36,271,15,42.12,2023-12-06 08:00:00
130,Product_130,Home,Supplier_16,295.77,381.03,36,72,6.16,2023-12-06 09:00:00
131,Product_131,Electronics,Supplier_6,451.5,768.15,15,15,24.22,2023-12-06 10:00:00
132,Product_132,Beauty,Supplier_12,538.93,853.89,765,62,19.21,2023-12-06 11:00:00
133,Product_133,Home,Supplier_6,976.42,1193.28,342,13,25.66,2023-12-06 12:00:00
134,Product_134,Clothing,Supplier_13,982.4,1429.16,345,18,44.39,2023-12-06 13:00:00
135,Product_135,Books,Supplier_5,107.09,183.62,847,78,49.46,2023-12-06 14:00:00
136,Product_136,Beauty,Supplier_13,542.75,790.6,538,83,1.11,2023-12-06 15:00:00
137,Product_137,Sports,Supplier_20,818.94,1624.05,958,81,19.72,2023-12-06 16:00:00
138,Product_138,Books,Supplier_7,245.34,437.5,622,96,40.9,2023-12-06 17:00:00
139,Product_139,Clothing,Supplier_12,753.06,942.32,232,13,16.4,2023-12-06 18:00:00
140,Product_140,Clothing,Supplier_4,879.83,1370.38,989,67,32.49,2023-12-06 19:00:00
141,Product_141,Toys,Supplier_5,665.86,815.89,575,46,49.61,2023-12-06 20:00:00
142,Product_142,Beauty,Supplier_16,334.43,557.02,608,80,32.37,2023-12-06 21:00:00
143,Product_143,Books,Supplier_4,923.9,1419.89,415,15,5.65,2023-12-06 22:00:00
144,Product_144,Electronics,Supplier_8,884.68,1853.09,904,60,42.16,2023-12-06 23:00:00
145,Product_145,Toys,Supplier_16,718.67,1149.61,266,88,48.34,2023-12-07 00:00:00
146,Product_146,Clothing,Supplier_8,370.03,624.5,996,59,35.65,2023-12-07 01:00:00
147,Product_147,Home,Supplier_17,793.98,1701.45,325,23,21.01,2023-12-07 02:00:00
148,Product_148,Sports,Supplier_14,322.95,589.45,925,20,47.43,2023-12-07 03:00:00
149,Product_149,Sports,Supplier_12,260.42,500.89,743,19,48.43,2023-12-07 04:00:00
150,Product_150,Clothing,Supplier_3,519.86,1192.43,910,70,46.76,2023-12-07 05:00:00
151,Product_151,Home,Supplier_20,997.16,1464.78,442,90,20.65,2023-12-07 06:00:00
152,Product_152,Books,Supplier_2,806.28,2004.36,559,22,39.51,2023-12-07 07:00:00
153,Product_153,Sports,Supplier_13,732.49,1736.1,861,43,32.74,2023-12-07 08:00:00
154,Product_154,Home,Supplier_11,457.49,719.41,721,69,9.07,2023-12-07 09:00:00
155,Product_155,Home,Supplier_12,318.83,752.7,75,60,26.82,2023-12-07 10:00:00
156,Product_156,Electronics,Supplier_18,857.34,1869.12,246,14,37.41,2023-12-07 11:00:00
157,Product_157,Clothing,Supplier_9,572.06,1378.66,827,83,44.81,2023-12-07 12:00:00
158,Product_158,Home,Supplier_7,815.12,1710.51,579,41,43.14,2023-12-07 13:00:00
159,Product_159,Toys,Supplier_6,492.88,1023.62,312,21,7.82,2023-12-07 14:00:00
160,Product_160,Books,Supplier_14,756.42,911.11,575,61,24.45,2023-12-07 15:00:00
161,Product_161,Sports,Supplier_18,869.06,1579.08,693,22,23.97,2023-12-07 16:00:00
162,Product_162,Toys,Supplier_14,397.48,580.46,591,94,44.95,2023-12-07 17:00:00
163,Product_163,Electronics,Supplier_5,23.43,37.99,342,63,0.2,2023-12-07 18:00:00
164,Product_164,Books,Supplier_20,262.38,648.72,714,63,36.96,2023-12-07 19:00:00
165,Product_165,Sports,Supplier_13,915.77,1200.71,181,50,30.97,2023-12-07 20:00:00
166,Product_166,Clothing,Supplier_1,690.67,1477.5,954,57,46.09,2023-12-07 21:00:00
167,Product_167,Books,Supplier_12,739.85,1054.16,983,60,22.9,2023-12-07 22:00:00
168,Product_168,Sports,Supplier_19,332.04,401.64,725,56,32.92,2023-12-07 23:00:00
169,Product_169,Electronics,Supplier_10,704.26,1304.18,934,59,48.64,2023-12-08 00:00:00
170,Product_170,Toys,Supplier_5,649.82,915.97,631,85,37.22,2023-12-08 01:00:00
171,Product_171,Sports,Supplier_20,186.59,458.1,398,55,3.46,2023-12-08 02:00:00
172,Product_172,Home,Supplier_6,969.0,1419.4,240,47,8.46,2023-12-08 03:00:00
173,Product_173,Electronics,Supplier_12,360.49,522.58,846,22,41.09,2023-12-08 04:00:00
174,Product_174,Books,Supplier_3,335.99,417.24,713,85,16.81,2023-12-08 05:00:00
175,Product_175,Beauty,Supplier_14,375.47,611.55,923,31,35.33,2023-12-08 06:00:00
176,Product_176,Clothing,Supplier_4,100.8,124.12,291,11,35.02,2023-12-08 07:00:00
177,Product_177,Toys,Supplier_17,628.71,1162.2,53,86,49.69,2023-12-08 08:00:00
178,Product_178,Electronics,Supplier_17,246.24,457.34,144,22,23.55,2023-12-08 09:00:00
179,Product_179,Toys,Supplier_14,805.28,1022.07,355,66,36.92,2023-12-08 10:00:00
180,Product_180,Electronics,Supplier_15,400.21,605.15,597,43,2.53,2023-12-08 11:00:00
181,Product_181,Electronics,Supplier_7,463.97,1058.66,982,28,23.18,2023-12-08 12:00:00
182,Product_182,Sports,Supplier_4,649.96,1170.78,476,18,9.42,2023-12-08 13:00:00
183,Product_183,Home,Supplier_17,764.25,1348.9,21,42,42.04,2023-12-08 14:00:00
184,Product_184,Beauty,Supplier_6,238.8,503.49,330,36,42.01,2023-12-08 15:00:00
185,Product_185,Clothing,Supplier_11,966.63,2058.29,291,54,11.89,2023-12-08 16:00:00
186,Product_186,Toys,Supplier_12,626.1,1371.5,235,11,15.98,2023-12-08 17:00:00
187,Product_187,Clothing,Supplier_15,15.58,35.52,28,88,35.15,2023-12-08 18:00:00
188,Product_188,Home,Supplier_12,421.47,633.02,694,92,36.94,2023-12-08 19:00:00
189,Product_189,Sports,Supplier_11,442.45,569.12,937,66,32.92,2023-12-08 20:00:00
190,Product_190,Sports,Supplier_17,811.07,1374.23,159,66,49.84,2023-12-08 21:00:00
191,Product_191,Home,Supplier_8,312.09,721.44,909,25,43.45,2023-12-08 22:00:00
192,Product_192,Toys,Supplier_12,337.91,439.77,529,88,20.91,2023-12-08 23:00:00
193,Product_193,Home,Supplier_9,79.79,155.49,549,15,16.42,2023-12-09 00:00:00
194,Product_194,Books,Supplier_11,290.71,613.81,100,23,29.88,2023-12-09 01:00:00
195,Product_195,Sports,Supplier_3,719.79,1314.21,289,36,40.9,2023-12-09 02:00:00
196,Product_196,Toys,Supplier_7,638.41,977.87,376,47,23.82,2023-12-09 03:00:00
197,Product_197,Electronics,Supplier_3,90.58,147.12,172,28,36.91,2023-12-09 04:00:00
198,Product_198,Clothing,Supplier_16,123.55,159.77,342,46,1.06,2023-12-09 05:00:00
199,Product_199,Sports,Supplier_10,383.16,605.53,927,13,46.3,2023-12-09 06:00:00
200,Product_200,Home,Supplier_7,746.32,938.64,877,67,38.71,2023-12-09 07:00:00
201,Product_201,Electronics,Supplier_20,834.59,1789.55,578,99,19.77,2023-12-09 08:00:00
202,Product_202,Books,Supplier_15,24.48,57.95,190,18,19.26,2023-12-09 09:00:00
203,Product_203,Beauty,Supplier_10,335.72,679.35,438,49,5.23,2023-12-09 10:00:00
204,Product_204,Books,Supplier_12,430.02,883.14,554,24,40.83,2023-12-09 11:00:00
205,Product_205,Electronics,Supplier_18,912.02,1654.21,634,13,38.45,2023-12-09 12:00:00
206,Product_206,Toys,Supplier_9,506.39,710.39,789,99,31.55,2023-12-09 13:00:00
207,Product_207,Toys,Supplier_9,277.0,335.18,342,61,5.16,2023-12-09 14:00:00
208,Product_208,Electronics,Supplier_4,396.15,652.53,707,27,13.19,2023-12-09 15:00:00
209,Product_209,Toys,Supplier_5,442.07,962.36,844,62,23.0,2023-12-09 16:00:00
210,Product_210,Home,Supplier_7,673.3,1648.62,124,68,13.37,2023-12-09 17:00:00
211,Product_211,Toys,Supplier_7,50.68,89.22,607,63,21.76,2023-12-09 18:00:00
212,Product_212,Beauty,Supplier_11,395.56,662.57,889,50,11.38,2023-12-09 19:00:00
213,Product_213,Home,Supplier_10,650.09,1157.0,668,69,17.55,2023-12-09 20:00:00
214,Product_214,Clothing,Supplier_11,290.49,510.13,551,97,32.65,2023-12-09 21:00:00
215,Product_215,Toys,Supplier_18,595.83,1199.79,359,13,44.63,2023-12-09 22:00:00
216,Product_216,Beauty,Supplier_12,363.71,783.57,502,94,19.31,2023-12-09 23:00:00
217,Product_217,Beauty,Supplier_16,761.13,1690.05,172,48,34.63,2023-12-10 00:00:00
218,Product_218,Clothing,Supplier_4,69.99,143.09,886,16,6.83,2023-12-10 01:00:00
219,Product_219,Books,Supplier_17,918.78,1625.36,393,32,27.09,2023-12-10 02:00:00
220,Product_220,Electronics,Supplier_17,179.9,438.08,460,94,46.09,2023-12-10 03:00:00
221,Product_221,Books,Supplier_5,166.96,354.68,684,72,1.49,2023-12-10 04:00:00
222,Product_222,Toys,Supplier_13,842.24,1477.84,119,74,13.45,2023-12-10 05:00:00
223,Product_223,Toys,Supplier_3,870.59,1550.13,272,50,6.71,2023-12-10 06:00:00
224,Product_224,Home,Supplier_17,102.04,230.95,357,98,26.7,2023-12-10 07:00:00
225,Product_225,Sports,Supplier_11,909.63,1612.5,385,53,34.01,2023-12-10 08:00:00
226,Product_226,Toys,Supplier_1,280.56,524.97,912,54,2.98,2023-12-10 09:00:00
227,Product_227,Toys,Supplier_18,622.44,982.84,875,78,3.61,2023-12-10 10:00:00
228,Product_228,Home,Supplier_17,77.91,178.46,857,60,43.49,2023-12-10 11:00:00
229,Product_229,Sports,Supplier_9,386.85,726.88,886,74,22.87,2023-12-10 12:00:00
230,Product_230,Electronics,Supplier_20,456.22,875.17,933,63,23.2,2023-12-10 13:00:00
231,Product_231,Electronics,Supplier_7,603.83,1415.91,932,65,47.23,2023-12-10 14:00:00
232,Product_232,Beauty,Supplier_5,530.02,1270.28,318,91,16.08,2023-12-10 15:00:00
233,Product_233,Electronics,Supplier_16,466.88,1060.5,260,81,44.86,2023-12-10 16:00:00
234,Product_234,Clothing,Supplier_7,960.04,1233.63,280,99,48.72,2023-12-10 17:00:00
235,Product_235,Clothing,Supplier_13,193.17,343.18,328,49,12.16,2023-12-10 18:00:00
236,Product_236,Sports,Supplier_13,166.41,273.97,123,67,25.75,2023-12-10 19:00:00
237,Product_237,Books,Supplier_15,716.28,1058.35,475,24,26.76,2023-12-10 20:00:00
238,Product_238,Beauty,Supplier_17,83.81,199.61,277,28,43.32,2023-12-10 21:00:00
239,Product_239,Books,Supplier_17,488.06,1150.4,92,19,15.27,2023-12-10 22:00:00
240,Product_240,Sports,Supplier_19,489.21,882.97,958,97,39.92,2023-12-10 23:00:00
241,Product_241,Clothing,Supplier_10,316.93,435.76,546,25,48.55,2023-12-11 00:00:00
242,Product_242,Home,Supplier_2,931.14,1133.55,822,52,42.03,2023-12-11 01:00:00
243,Product_243,Toys,Supplier_14,289.72,512.81,127,40,45.47,2023-12-11 02:00:00
244,Product_244,Beauty,Supplier_3,295.56,370.02,531,25,35.45,2023-12-11 03:00:00
245,Product_245,Sports,Supplier_7,241.96,482.09,772,89,45.21,2023-12-11 04:00:00
246,Product_246,Books,Supplier_11,154.33,307.26,166,37,8.33,2023-12-11 05:00:00
247,Product_247,Sports,Supplier_17,370.37,877.27,830,71,35.65,2023-12-11 06:00:00
248,Product_248,Sports,Supplier_15,684.08,989.91,235,29,36.62,2023-12-11 07:00:00
249,Product_249,Electronics,Supplier_19,744.74,1253.26,31,44,22.02,2023-12-11 08:00:00
250,Product_250,Clothing,Supplier_11,815.28,1889.34,230,68,4.08,2023-12-11 09:00:00
251,Product_251,Beauty,Supplier_15,205.57,373.44,190,18,31.16,2023-12-11 10:00:00
252,Product_252,Electronics,Supplier_15,45.28,57.85,841,19,2.69,2023-12-11 11:00:00
253,Product_253,Clothing,Supplier_6,974.94,1310.34,935,54,19.18,2023-12-11 12:00:00
254,Product_254,Sports,Supplier_15,24.19,54.61,656,91,19.74,2023-12-11 13:00:00
255,Product_255,Clothing,Supplier_9,961.07,2082.45,612,24,49.95,2023-12-11 14:00:00
256,Product_256,Books,Supplier_5,830.53,1942.32,590,39,15.06,2023-12-11 15:00:00
257,Product_257,Beauty,Supplier_19,912.95,1236.61,507,57,41.04,2023-12-11 16:00:00
258,Product_258,Electronics,Supplier_5,393.31,860.78,456,49,2.75,2023-12-11 17:00:00
259,Product_259,Beauty,Supplier_13,205.23,421.06,671,92,26.54,2023-12-11 18:00:00
260,Product_260,Sports,Supplier_18,610.4,916.81,254,83,26.88,2023-12-11 19:00:00
261,Product_261,Books,Supplier_20,743.84,1834.37,278,53,31.47,2023-12-11 20:00:00
262,Product_262,Clothing,Supplier_17,139.55,270.93,970,55,40.52,2023-12-11 21:00:00
263,Product_263,Toys,Supplier_15,799.65,1902.32,699,15,38.12,2023-12-11 22:00:00
264,Product_264,Clothing,Supplier_14,216.51,501.61,972,33,38.07,2023-12-11 23:00:00
265,Product_265,Books,Supplier_16,496.76,811.24,721,82,21.67,2023-12-12 00:00:00
266,Product_266,Toys,Supplier_4,857.92,1627.25,752,16,36.4,2023-12-12 01:00:00
267,Product_267,Clothing,Supplier_17,201.49,354.78,55,15,24.62,2023-12-12 02:00:00
268,Product_268,Electronics,Supplier_20,249.47,529.33,648,42,3.44,2023-12-12 03:00:00
269,Product_269,Home,Supplier_14,72.14,141.72,105,94,44.52,2023-12-12 04:00:00
270,Product_270,Clothing,Supplier_18,155.15,344.48,580,47,44.52,2023-12-12 05:00:00
271,Product_271,Sports,Supplier_6,155.06,188.44,701,53,16.21,2023-12-12 06:00:00
272,Product_272,Clothing,Supplier_8,211.39,442.68,191,26,45.7,2023-12-12 07:00:00
273,Product_273,Beauty,Supplier_9,293.34,473.68,277,40,37.92,2023-12-12 08:00:00
274,Product_274,Sports,Supplier_1,816.83,1218.29,543,46,20.1,2023-12-12 09:00:00
275,Product_275,Clothing,Supplier_13,916.61,2054.69,174,20,16.64,2023-12-12 10:00:00
276,Product_276,Clothing,Supplier_3,412.22,542.48,769,14,48.76,2023-12-12 11:00:00
277,Product_277,Sports,Supplier_6,136.93,204.98,634,73,35.66,2023-12-12 12:00:00
278,Product_278,Electronics,Supplier_17,231.57,339.22,84,85,19.0,2023-12-12 13:00:00
279,Product_279,Toys,Supplier_8,738.84,1289.85,987,12,32.13,2023-12-12 14:00:00
280,Product_280,Toys,Supplier_6,680.65,1102.0,947,65,28.62,2023-12-12 15:00:00
281,Product_281,Home,Supplier_16,967.54,2067.25,727,72,26.27,2023-12-12 16:00:00
282,Product_282,Home,Supplier_1,24.34,51.34,215,47,32.27,2023-12-12 17:00:00
283,Product_283,Toys,Supplier_10,753.25,1222.61,13,63,26.93,2023-12-12 18:00:00
284,Product_284,Electronics,Supplier_18,510.74,903.03,36,11,32.77,2023-12-12 19:00:00
285,Product_285,Clothing,Supplier_14,903.67,1328.65,26,99,45.39,2023-12-12 20:00:00
286,Product_286,Home,Supplier_5,580.41,1202.66,663,11,49.66,2023-12-12 21:00:00
287,Product_287,Electronics,Supplier_17,452.2,775.56,575,21,35.49,2023-12-12 22:00:00
288,Product_288,Electronics,Supplier_14,669.19,918.58,69,49,46.4,2023-12-12 23:00:00
289,Product_289,Home,Supplier_18,835.19,1140.41,153,11,42.93,2023-12-13 00:00:00
290,Product_290,Toys,Supplier_4,289.67,468.98,437,89,14.82,2023-12-13 01:00:00
291,Product_291,Sports,Supplier_20,116.45,252.87,764,66,46.65,2023-12-13 02:00:00
292,Product_292,Books,Supplier_2,438.69,540.97,270,56,3.63,2023-12-13 03:00:00
293,Product_293,Toys,Supplier_7,222.37,341.36,540,45,16.56,2023-12-13 04:00:00
294,Product_294,Sports,Supplier_7,435.25,614.24,995,13,32.03,2023-12-13 05:00:00
295,Product_295,Toys,Supplier_7,991.14,2421.77,73,84,26.39,2023-12-13 06:00:00
296,Product_296,Clothing,Supplier_13,578.38,1224.35,795,33,27.17,2023-12-13 07:00:00
297,Product_297,Sports,Supplier_19,696.66,1047.22,570,91,39.76,2023-12-13 08:00:00
298,Product_298,Beauty,Supplier_6,681.15,1001.09,754,71,9.82,2023-12-13 09:00:00
299,Product_299,Books,Supplier_20,822.49,1904.43,840,11,49.11,2023-12-13 10:00:00
300,Product_300,Toys,Supplier_17,944.69,1367.24,148,24,21.93,2023-12-13 11:00:00
301,Product_301,Books,Supplier_18,662.23,1653.04,505,84,47.5,2023-12-13 12:00:00
302,Product_302,Electronics,Supplier_1,481.33,754.24,9,58,19.22,2023-12-13 13:00:00
303,Product_303,Beauty,Supplier_13,324.65,425.17,643,96,30.13,2023-12-13 14:00:00
304,Product_304,Clothing,Supplier_19,366.67,769.36,501,44,22.57,2023-12-13 15:00:00
305,Product_305,Electronics,Supplier_16,341.14,679.73,61,56,33.83,2023-12-13 16:00:00
306,Product_306,Sports,Supplier_10,331.22,827.97,387,33,9.26,2023-12-13 17:00:00
307,Product_307,Sports,Supplier_13,697.68,1564.69,894,92,20.09,2023-12-13 18:00:00
308,Product_308,Home,Supplier_10,591.83,1040.13,773,69,3.51,2023-12-13 19:00:00
309,Product_309,Electronics,Supplier_14,209.98,436.67,729,86,29.95,2023-12-13 20:00:00
310,Product_310,Beauty,Supplier_9,969.93,2195.15,231,57,48.14,2023-12-13 21:00:00
311,Product_311,Electronics,Supplier_11,433.45,809.62,847,32,2.39,2023-12-13 22:00:00
312,Product_312,Electronics,Supplier_3,570.43,886.87,583,21,33.02,2023-12-13 23:00:00
313,Product_313,Electronics,Supplier_8,705.57,1039.4,987,50,38.78,2023-12-14 00:00:00
314,Product_314,Books,Supplier_12,617.54,978.1,527,38,10.73,2023-12-14 01:00:00
315,Product_315,Home,Supplier_3,317.94,732.05,549,79,13.73,2023-12-14 02:00:00
316,Product_316,Toys,Supplier_7,799.73,1355.19,688,60,10.16,2023-12-14 03:00:00
317,Product_317,Clothing,Supplier_14,119.05,187.23,444,32,14.94,2023-12-14 04:00:00
318,Product_318,Clothing,Supplier_7,573.31,1288.6,320,40,5.59,2023-12-14 05:00:00
319,Product_319,Clothing,Supplier_7,280.58,348.34,893,30,18.58,2023-12-14 06:00:00
320,Product_320,Books,Supplier_14,619.6,1221.94,82,33,18.51,2023-12-14 07:00:00
321,Product_321,Home,Supplier_12,225.81,527.43,433,81,40.38,2023-12-14 08:00:00
322,Product_322,Beauty,Supplier_1,774.48,1342.26,16,18,40.07,2023-12-14 09:00:00
323,Product_323,Home,Supplier_5,235.26,364.68,368,31,39.86,2023-12-14 10:00:00
324,Product_324,Books,Supplier_11,891.49,1639.65,667,13,28.4,2023-12-14 11:00:00
325,Product_325,Beauty,Supplier_1,862.94,1840.41,683,86,16.36,2023-12-14 12:00:00
326,Product_326,Electronics,Supplier_13,368.77,690.19,907,12,20.61,2023-12-14 13:00:00
327,Product_327,Sports,Supplier_17,391.96,474.24,581,37,15.96,2023-12-14 14:00:00
328,Product_328,Electronics,Supplier_3,704.49,917.12,582,99,29.14,2023-12-14 15:00:00
329,Product_329,Clothing,Supplier_10,99.47,212.64,254,24,46.91,2023-12-14 16:00:00
330,Product_330,Electronics,Supplier_19,90.11,154.98,455,17,14.3,2023-12-14 17:00:00
331,Product_331,Books,Supplier_7,144.96,321.84,642,57,23.0,2023-12-14 18:00:00
332,Product_332,Clothing,Supplier_20,566.85,1158.83,560,97,32.79,2023-12-14 19:00:00
333,Product_333,Sports,Supplier_3,157.51,308.08,532,61,42.25,2023-12-14 20:00:00
334,Product_334,Beauty,Supplier_12,284.84,675.58,391,64,12.74,2023-12-14 21:00:00
335,Product_335,Beauty,Supplier_10,650.44,798.56,319,46,14.09,2023-12-14 22:00:00
336,Product_336,Clothing,Supplier_12,25.47,35.7,219,13,44.27,2023-12-14 23:00:00
337,Product_337,Toys,Supplier_15,188.43,379.06,698,64,4.1,2023-12-15 00:00:00
338,Product_338,Toys,Supplier_6,930.63,1196.4,413,21,30.31,2023-12-15 01:00:00
339,Product_339,Electronics,Supplier_19,666.94,1359.53,31,28,43.04,2023-12-15 02:00:00
340,Product_340,Toys,Supplier_5,312.5,774.8,714,88,46.09,2023-12-15 03:00:00
341,Product_341,Home,Supplier_20,54.85,128.48,787,66,0.73,2023-12-15 04:00:00
342,Product_342,Home,Supplier_2,590.19,1161.61,753,46,18.55,2023-12-15 05:00:00
343,Product_343,Beauty,Supplier_19,230.64,544.81,15,85,12.94,2023-12-15 06:00:00
344,Product_344,Home,Supplier_19,960.57,1297.87,408,92,28.44,2023-12-15 07:00:00
345,Product_345,Clothing,Supplier_4,690.09,1236.02,827,16,31.68,2023-12-15 08:00:00
346,Product_346,Home,Supplier_20,974.38,1712.26,172,64,49.99,2023-12-15 09:00:00
347,Product_347,Books,Supplier_5,850.41,1392.45,648,37,25.69,2023-12-15 10:00:00
348,Product_348,Beauty,Supplier_7,488.2,585.97,178,46,27.62,2023-12-15 11:00:00
349,Product_349,Sports,Supplier_4,672.87,1586.85,870,93,20.77,2023-12-15 12:00:00
350,Product_350,Home,Supplier_11,813.99,1799.75,572,70,7.47,2023-12-15 13:00:00
351,Product_351,Books,Supplier_3,582.4,1193.17,496,84,15.24,2023-12-15 14:00:00
352,Product_352,Books,Supplier_5,70.87,96.93,935,48,12.42,2023-12-15 15:00:00
353,Product_353,Clothing,Supplier_20,475.74,804.79,103,32,40.08,2023-12-15 16:00:00
354,Product_354,Beauty,Supplier_15,139.27,334.47,316,61,27.34,2023-12-15 17:00:00
355,Product_355,Clothing,Supplier_18,717.7,1436.84,706,93,14.88,2023-12-15 18:00:00
356,Product_356,Sports,Supplier_16,683.82,1357.0,767,93,24.51,2023-12-15 19:00:00
357,Product_357,Sports,Supplier_16,992.98,2370.31,975,20,11.02,2023-12-15 20:00:00
358,Product_358,Electronics,Supplier_10,632.52,1219.36,587,75,9.34,2023-12-15 21:00:00
359,Product_359,Sports,Supplier_1,802.14,1585.76,782,22,43.01,2023-12-15 22:00:00
360,Product_360,Beauty,Supplier_11,275.6,454.58,180,86,47.25,2023-12-15 23:00:00
361,Product_361,Toys,Supplier_17,346.62,583.32,131,50,4.09,2023-12-16 00:00:00
362,Product_362,Toys,Supplier_15,917.85,1919.49,662,58,38.27,2023-12-16 01:00:00
363,Product_363,Beauty,Supplier_7,757.64,1224.77,154,24,22.72,2023-12-16 02:00:00
364,Product_364,Clothing,Supplier_6,658.72,1269.25,358,65,19.51,2023-12-16 03:00:00
365,Product_365,Books,Supplier_15,261.49,408.7,234,63,34.5,2023-12-16 04:00:00
366,Product_366,Electronics,Supplier_15,701.59,993.43,759,40,13.39,2023-12-16 05:00:00
367,Product_367,Toys,Supplier_7,887.9,1589.98,164,70,1.13,2023-12-16 06:00:00
368,Product_368,Toys,Supplier_3,238.49,353.6,716,67,10.78,2023-12-16 07:00:00
369,Product_369,Sports,Supplier_14,709.06,1679.08,426,96,9.33,2023-12-16 08:00:00
370,Product_370,Books,Supplier_9,399.76,637.5,676,69,1.8,2023-12-16 09:00:00
371,Product_371,Clothing,Supplier_3,127.58,252.18,487,62,16.13,2023-12-16 10:00:00
372,Product_372,Home,Supplier_6,765.83,1181.27,212,95,23.78,2023-12-16 11:00:00
373,Product_373,Electronics,Supplier_20,175.47,269.42,924,70,36.82,2023-12-16 12:00:00
374,Product_374,Beauty,Supplier_9,260.37,431.13,765,89,16.35,2023-12-16 13:00:00
375,Product_375,Books,Supplier_1,785.11,1876.91,156,51,9.81,2023-12-16 14:00:00
376,Product_376,Clothing,Supplier_9,744.71,1272.67,688,38,11.61,2023-12-16 15:00:00
377,Product_377,Clothing,Supplier_12,261.64,593.31,74,93,44.57,2023-12-16 16:00:00
378,Product_378,Electronics,Supplier_4,941.55,1371.36,434,36,10.32,2023-12-16 17:00:00
379,Product_379,Electronics,Supplier_16,223.13,281.73,177,53,43.97,2023-12-16 18:00:00
380,Product_380,Sports,Supplier_5,993.69,2202.2,795,14,22.41,2023-12-16 19:00:00
381,Product_381,Sports,Supplier_17,740.52,1410.27,841,61,46.73,2023-12-16 20:00:00
382,Product_382,Beauty,Supplier_17,398.58,739.3,644,62,20.46,2023-12-16 21:00:00
383,Product_383,Beauty,Supplier_6,139.05,216.07,636,61,8.97,2023-12-16 22:00:00
384,Product_384,Electronics,Supplier_15,327.3,423.53,311,47,27.5,2023-12-16 23:00:00
385,Product_385,Electronics,Supplier_1,201.8,368.83,831,53,29.43,2023-12-17 00:00:00
386,Product_386,Books,Supplier_13,625.62,1456.06,126,62,31.81,2023-12-17 01:00:00
387,Product_387,Sports,Supplier_16,363.29,492.63,376,11,20.63,2023-12-17 02:00:00
388,Product_388,Clothing,Supplier_2,302.06,727.34,344,63,2.53,2023-12-17 03:00:00
389,Product_389,Toys,Supplier_19,759.56,1182.75,224,93,31.37,2023-12-17 04:00:00
390,Product_390,Toys,Supplier_2,238.29,450.81,16,86,46.66,2023-12-17 05:00:00
391,Product_391,Toys,Supplier_12,591.02,760.32,496,99,47.88,2023-12-17 06:00:00
392,Product_392,Sports,Supplier_12,202.65,355.16,992,44,29.88,2023-12-17 07:00:00
393,Product_393,Sports,Supplier_8,717.65,978.64,472,55,1.09,2023-12-17 08:00:00
394,Product_394,Electronics,Supplier_12,628.87,793.86,864,81,5.39,2023-12-17 09:00:00
395,Product_395,Toys,Supplier_11,800.17,1965.64,310,88,41.72,2023-12-17 10:00:00
396,Product_396,Electronics,Supplier_2,77.81,167.22,757,64,41.5,2023-12-17 11:00:00
397,Product_397,Sports,Supplier_1,218.0,465.38,136,81,47.31,2023-12-17 12:00:00
398,Product_398,Home,Supplier_4,162.92,214.68,474,20,28.23,2023-12-17 13:00:00
399,Product_399,Home,Supplier_9,198.66,478.4,216,38,43.2,2023-12-17 14:00:00
400,Product_400,Beauty,Supplier_7,111.98,202.72,195,78,41.26,2023-12-17 15:00:00
401,Product_401,Sports,Supplier_10,566.46,1307.37,200,72,29.51,2023-12-17 16:00:00
402,Product_402,Toys,Supplier_20,597.5,726.79,365,56,39.2,2023-12-17 17:00:00
403,Product_403,Home,Supplier_14,845.05,1341.66,718,16,6.37,2023-12-17 18:00:00
404,Product_404,Beauty,Supplier_1,423.56,1056.72,527,73,32.0,2023-12-17 19:00:00
405,Product_405,Beauty,Supplier_5,537.06,943.18,399,91,47.68,2023-12-17 20:00:00
406,Product_406,Sports,Supplier_13,991.39,2334.76,524,73,8.18,2023-12-17 21:00:00
407,Product_407,Beauty,Supplier_6,536.53,872.61,589,21,37.23,2023-12-17 22:00:00
408,Product_408,Electronics,Supplier_17,577.84,1088.03,213,21,16.11,2023-12-17 23:00:00
409,Product_409,Electronics,Supplier_15,995.96,2301.15,340,45,40.87,2023-12-18 00:00:00
410,Product_410,Electronics,Supplier_7,994.19,1976.02,328,38,34.89,2023-12-18 01:00:00
411,Product_411,Clothing,Supplier_8,429.79,920.93,958,20,46.32,2023-12-18 02:00:00
412,Product_412,Electronics,Supplier_2,638.6,956.29,118,62,35.63,2023-12-18 03:00:00
413,Product_413,Toys,Supplier_18,485.99,681.68,424,79,20.57,2023-12-18 04:00:00
414,Product_414,Electronics,Supplier_7,723.51,1084.83,692,94,0.64,2023-12-18 05:00:00
415,Product_415,Sports,Supplier_20,939.0,1728.66,835,83,39.67,2023-12-18 06:00:00
416,Product_416,Home,Supplier_16,316.56,709.49,841,56,20.48,2023-12-18 07:00:00
417,Product_417,Toys,Supplier_19,820.69,1362.5,866,42,33.56,2023-12-18 08:00:00
418,Product_418,Home,Supplier_9,658.3,1273.32,372,90,5.34,2023-12-18 09:00:00
419,Product_419,Electronics,Supplier_12,287.38,645.53,648,76,44.56,2023-12-18 10:00:00
420,Product_420,Electronics,Supplier_14,799.33,1207.32,178,52,21.84,2023-12-18 11:00:00
421,Product_421,Electronics,Supplier_7,432.86,1016.3,431,27,45.99,2023-12-18 12:00:00
422,Product_422,Beauty,Supplier_2,129.19,315.1,719,83,35.38,2023-12-18 13:00:00
423,Product_423,Sports,Supplier_17,993.48,1242.51,944,62,6.16,2023-12-18 14:00:00
424,Product_424,Sports,Supplier_11,431.39,550.82,401,48,29.0,2023-12-18 15:00:00
425,Product_425,Sports,Supplier_18,546.14,719.95,393,81,45.51,2023-12-18 16:00:00
426,Product_426,Home,Supplier_12,809.88,1789.67,980,43,40.02,2023-12-18 17:00:00
427,Product_427,Toys,Supplier_3,961.27,1390.13,882,46,20.96,2023-12-18 18:00:00
428,Product_428,Toys,Supplier_14,874.16,1873.68,565,50,47.76,2023-12-18 19:00:00
429,Product_429,Clothing,Supplier_15,529.8,939.68,78,58,13.5,2023-12-18 20:00:00
430,Product_430,Home,Supplier_19,550.24,1258.47,782,19,18.82,2023-12-18 21:00:00
431,Product_431,Sports,Supplier_10,288.08,648.5,906,49,37.51,2023-12-18 22:00:00
432,Product_432,Books,Supplier_9,468.17,1145.87,423,27,11.72,2023-12-18 23:00:00
433,Product_433,Clothing,Supplier_10,947.37,1446.02,117,34,25.82,2023-12-19 00:00:00
434,Product_434,Electronics,Supplier_20,729.67,1093.05,367,50,36.47,2023-12-19 01:00:00
435,Product_435,Beauty,Supplier_4,21.76,27.0,105,45,32.23,2023-12-19 02:00:00
436,Product_436,Home,Supplier_19,125.34,217.28,104,11,7.85,2023-12-19 03:00:00
437,Product_437,Beauty,Supplier_10,924.57,1661.25,302,92,31.52,2023-12-19 04:00:00
438,Product_438,Clothing,Supplier_17,850.23,2086.35,629,83,28.68,2023-12-19 05:00:00
439,Product_439,Toys,Supplier_12,491.3,1120.17,893,58,27.94,2023-12-19 06:00:00
440,Product_440,Books,Supplier_1,620.81,879.58,740,76,41.32,2023-12-19 07:00:00
441,Product_441,Clothing,Supplier_11,296.75,664.14,147,62,9.28,2023-12-19 08:00:00
442,Product_442,Home,Supplier_13,794.9,1138.13,865,28,37.6,2023-12-19 09:00:00
443,Product_443,Sports,Supplier_1,607.28,790.13,149,35,38.07,2023-12-19 10:00:00
444,Product_444,Electronics,Supplier_1,697.88,1596.89,815,63,36.16,2023-12-19 11:00:00
445,Product_445,Sports,Supplier_16,381.16,940.99,255,60,25.35,2023-12-19 12:00:00
446,Product_446,Sports,Supplier_7,436.13,573.32,81,34,19.84,2023-12-19 13:00:00
447,Product_447,Home,Supplier_10,215.61,486.87,15,26,19.79,2023-12-19 14:00:00
448,Product_448,Sports,Supplier_16,948.57,2197.81,900,83,36.72,2023-12-19 15:00:00
449,Product_449,Sports,Supplier_1,947.09,1282.72,192,70,24.95,2023-12-19 16:00:00
450,Product_450,Home,Supplier_9,819.57,1285.27,722,55,16.99,2023-12-19 17:00:00
451,Product_451,Home,Supplier_6,936.2,2016.35,73,64,31.31,2023-12-19 18:00:00
452,Product_452,Books,Supplier_15,668.67,1504.54,276,59,41.87,2023-12-19 19:00:00
453,Product_453,Sports,Supplier_4,242.31,402.27,60,84,3.17,2023-12-19 20:00:00
454,Product_454,Clothing,Supplier_15,762.61,1073.68,972,20,48.61,2023-12-19 21:00:00
455,Product_455,Toys,Supplier_10,332.02,678.27,950,21,4.92,2023-12-19 22:00:00
456,Product_456,Electronics,Supplier_16,446.08,942.37,535,49,25.64,2023-12-19 23:00:00
457,Product_457,Beauty,Supplier_13,281.61,522.3,534,57,28.05,2023-12-20 00:00:00
458,Product_458,Electronics,Supplier_19,429.39,596.18,342,65,7.0,2023-12-20 01:00:00
459,Product_459,Home,Supplier_20,682.52,1568.32,394,17,45.79,2023-12-20 02:00:00
460,Product_460,Beauty,Supplier_4,119.5,243.64,942,97,23.63,2023-12-20 03:00:00
461,Product_461,Home,Supplier_20,114.15,265.96,257,23,7.24,2023-12-20 04:00:00
462,Product_462,Toys,Supplier_16,686.93,1657.47,197,96,35.61,2023-12-20 05:00:00
463,Product_463,Toys,Supplier_11,781.79,1757.0,52,65,33.2,2023-12-20 06:00:00
464,Product_464,Books,Supplier_15,555.95,1360.0,650,63,48.15,2023-12-20 07:00:00
465,Product_465,Sports,Supplier_11,189.82,463.26,270,26,22.13,2023-12-20 08:00:00
466,Product_466,Home,Supplier_11,436.45,875.15,200,54,13.46,2023-12-20 09:00:00
467,Product_467,Toys,Supplier_3,760.59,1632.7,395,14,3.09,2023-12-20 10:00:00
468,Product_468,Home,Supplier_17,688.88,1453.01,377,12,36.68,2023-12-20 11:00:00
469,Product_469,Electronics,Supplier_5,118.77,238.43,890,18,30.9,2023-12-20 12:00:00
470,Product_470,Sports,Supplier_13,969.46,1187.75,675,93,48.63,2023-12-20 13:00:00
471,Product_471,Books,Supplier_10,231.13,384.29,603,29,35.64,2023-12-20 14:00:00
472,Product_472,Toys,Supplier_5,228.19,303.52,534,92,46.66,2023-12-20 15:00:00
473,Product_473,Home,Supplier_12,465.26,739.92,922,30,49.58,2023-12-20 16:00:00
474,Product_474,Home,Supplier_8,333.97,430.53,87,89,21.48,2023-12-20 17:00:00
475,Product_475,Home,Supplier_12,984.15,2358.06,397,42,7.6,2023-12-20 18:00:00
476,Product_476,Electronics,Supplier_16,85.72,153.16,181,14,9.87,2023-12-20 19:00:00
477,Product_477,Toys,Supplier_2,313.37,453.19,866,33,15.99,2023-12-20 20:00:00
478,Product_478,Home,Supplier_3,388.89,762.31,282,72,25.49,2023-12-20 21:00:00
479,Product_479,Home,Supplier_18,498.52,725.54,532,88,6.21,2023-12-20 22:00:00
480,Product_480,Electronics,Supplier_17,26.24,58.93,560,35,15.16,2023-12-20 23:00:00
481,Product_481,Home,Supplier_2,91.54,146.25,189,98,15.46,2023-12-21 00:00:00
482,Product_482,Sports,Supplier_12,265.23,426.85,204,42,0.3,2023-12-21 01:00:00
483,Product_483,Sports,Supplier_17,558.46,1301.73,967,27,17.77,2023-12-21 02:00:00
484,Product_484,Electronics,Supplier_6,770.09,1483.94,43,27,5.9,2023-12-21 03:00:00
485,Product_485,Sports,Supplier_17,689.63,1623.04,299,47,21.54,2023-12-21 04:00:00
486,Product_486,Beauty,Supplier_2,571.35,992.29,639,42,9.91,2023-12-21 05:00:00
487,Product_487,Beauty,Supplier_8,403.26,664.21,993,36,41.12,2023-12-21 06:00:00
488,Product_488,Beauty,Supplier_14,871.99,1620.21,700,58,4.12,2023-12-21 07:00:00
489,Product_489,Books,Supplier_6,465.17,595.39,681,59,43.3,2023-12-21 08:00:00
490,Product_490,Home,Supplier_9,306.26,428.91,278,24,29.07,2023-12-21 09:00:00
491,Product_491,Books,Supplier_1,633.04,940.3,712,86,22.99,2023-12-21 10:00:00
492,Product_492,Sports,Supplier_5,695.19,1572.3,384,61,27.53,2023-12-21 11:00:00
493,Product_493,Electronics,Supplier_7,404.49,871.25,636,77,18.87,2023-12-21 12:00:00
494,Product_494,Beauty,Supplier_9,37.86,54.95,803,28,6.47,2023-12-21 13:00:00
495,Product_495,Electronics,Supplier_14,103.19,160.95,310,34,38.32,2023-12-21 14:00:00
496,Product_496,Books,Supplier_9,847.14,2056.47,877,85,46.4,2023-12-21 15:00:00
497,Product_497,Sports,Supplier_4,65.98,86.54,527,85,47.51,2023-12-21 16:00:00
498,Product_498,Toys,Supplier_20,596.1,1139.56,856,34,33.57,2023-12-21 17:00:00
499,Product_499,Home,Supplier_15,191.87,360.45,273,42,20.58,2023-12-21 18:00:00
500,Product_500,Toys,Supplier_4,236.64,507.22,481,69,23.97,2023-12-21 19:00:00
